Hash,Bytes,LastWrite,Path,DeletedAt
3C61788E08D3C7B7F987AE0086C1765A26E4F2018EB52F0B6CAF65D5F00B68F0,36,2025-09-24 09:15:44,H:\Movies\.thumbnails\.database_uuid,2025-10-03 12:44:22
3C61788E08D3C7B7F987AE0086C1765A26E4F2018EB52F0B6CAF65D5F00B68F0,36,2025-09-24 09:15:44,H:\Pictures\.thumbnails\.database_uuid,2025-10-03 12:44:22
3C61788E08D3C7B7F987AE0086C1765A26E4F2018EB52F0B6CAF65D5F00B68F0,36,2025-09-24 09:15:44,H:\Music\.thumbnails\.database_uuid,2025-10-03 12:44:22
E3B0C44298FC1C149AFBF4C8996FB92427AE41E4649B934CA495991B7852B855,0,2025-09-24 09:15:44,H:\Music\.thumbnails\.nomedia,2025-10-03 12:44:22
E3B0C44298FC1C149AFBF4C8996FB92427AE41E4649B934CA495991B7852B855,0,2025-09-24 09:18:30,H:\Android\data\.nomedia,2025-10-03 12:44:22
E3B0C44298FC1C149AFBF4C8996FB92427AE41E4649B934CA495991B7852B855,0,2025-09-24 09:18:30,H:\Movies\.thumbnails\.nomedia,2025-10-03 12:44:22
E3B0C44298FC1C149AFBF4C8996FB92427AE41E4649B934CA495991B7852B855,0,2025-09-24 09:18:30,H:\Pictures\.thumbnails\.nomedia,2025-10-03 12:44:22
C88A2425633A063F21D7B13FC292296BE14394F669AD38093460F1CF0D39A16F,46080,2010-03-13 20:03:38,J:\_quarantine_from_I\migrated\FAMILIA\FOTOS\Thumbs.db,2025-10-03 12:44:22
C88A2425633A063F21D7B13FC292296BE14394F669AD38093460F1CF0D39A16F,46080,2010-03-13 20:03:38,H:\FOTOS FAMILIA\Thumbs.db,2025-10-03 12:44:22
E80BC8FA9B30F8FDBCC3DD3FD5893617EEA80C054C59E5E0AC7A4C583588D6AF,3292,2010-02-15 18:34:14,J:\_quarantine_from_I\migrated\FAMILIA\FOTOS\ZbThumbnail.info,2025-10-03 12:44:22
E80BC8FA9B30F8FDBCC3DD3FD5893617EEA80C054C59E5E0AC7A4C583588D6AF,3292,2010-02-15 18:34:14,H:\FOTOS FAMILIA\ZbThumbnail.info,2025-10-03 12:44:22
956F348EB16395FBF1ACD7D50AC6488F30DD9E7B51DA09A62AF77911AD2FDAA1,34816,2011-08-01 21:05:00,J:\_quarantine_from_I\migrated\FAMILIA\FOTOS\04-08-2010\Thumbs.db,2025-10-03 12:44:22
956F348EB16395FBF1ACD7D50AC6488F30DD9E7B51DA09A62AF77911AD2FDAA1,34816,2011-08-01 21:05:00,H:\FOTOS FAMILIA\04-08-2010\Thumbs.db,2025-10-03 12:44:22
B18E06B7A2262642C1261163593EC2D16FD815AC05B0238A189C10C8AEB7D2C8,34816,2011-08-17 14:45:24,J:\_quarantine_from_I\migrated\FAMILIA\FOTOS\NOCHEVIEJA 2002\Thumbs.db,2025-10-03 12:44:22
B18E06B7A2262642C1261163593EC2D16FD815AC05B0238A189C10C8AEB7D2C8,34816,2011-08-17 14:45:24,H:\FOTOS FAMILIA\NOCHEVIEJA 2002\Thumbs.db,2025-10-03 12:44:22
AF8958D1ED029FBD6D7B4DDD2990FC3FEDF744259A67C205199D7C2345BEDA70,27648,2011-08-17 14:41:30,H:\FOTOS FAMILIA\19-3-04\Thumbs.db,2025-10-03 12:44:22
AF8958D1ED029FBD6D7B4DDD2990FC3FEDF744259A67C205199D7C2345BEDA70,27648,2011-08-17 14:41:30,H:\FOTOS FAMILIA\Nietos\19-3-04\Thumbs.db,2025-10-03 12:44:22
BD33616F808F504C89A687ED5EA7A285DD56F7C9765067E8EDC6C09538CAFBE4,27648,2011-08-17 14:43:42,J:\_quarantine_from_I\migrated\FAMILIA\FOTOS\crucero italia agosto 2005\Thumbs.db,2025-10-03 12:44:22
BD33616F808F504C89A687ED5EA7A285DD56F7C9765067E8EDC6C09538CAFBE4,27648,2011-08-17 14:43:42,H:\FOTOS FAMILIA\crucero italia agosto 2005\Thumbs.db,2025-10-03 12:44:22
F2B5AE7293C8322545058D281E85B9C215DB191888300BE9BDBB7D042F1139F3,27648,2012-06-25 11:40:42,J:\_quarantine_from_I\migrated\FAMILIA\FOTOS\FOTOS 2012\ANTO JUNIO 2012\Thumbs.db,2025-10-03 12:44:22
F2B5AE7293C8322545058D281E85B9C215DB191888300BE9BDBB7D042F1139F3,27648,2012-06-25 11:40:42,H:\FOTOS FAMILIA\FOTOS 2012\ANTO JUNIO 2012\Thumbs.db,2025-10-03 12:44:22
B6F8A0684DF9D3BA6A95DE6D91D57A5F5C0B5861A5CC6E836F9D44A6AAD5CB50,35328,2011-08-17 14:41:30,J:\_quarantine_from_I\migrated\FAMILIA\FOTOS\27-12-03\Thumbs.db,2025-10-03 12:44:22
B6F8A0684DF9D3BA6A95DE6D91D57A5F5C0B5861A5CC6E836F9D44A6AAD5CB50,35328,2011-08-17 14:41:30,H:\FOTOS FAMILIA\27-12-03\Thumbs.db,2025-10-03 12:44:22
CBC56FE584892C3FA3C802216B86060CC6E55772D61B7C23EB8B528578EC1133,7168,2010-02-27 12:34:58,J:\_quarantine_from_I\migrated\FAMILIA\FOTOS\ALBUM DE FOTOS PADRES 1\Thumbs.db,2025-10-03 12:44:22
CBC56FE584892C3FA3C802216B86060CC6E55772D61B7C23EB8B528578EC1133,7168,2010-02-27 12:34:58,H:\FOTOS FAMILIA\ALBUM DE FOTOS PADRES 1\Thumbs.db,2025-10-03 12:44:22
BE9B585DD6097301441A52E2F3659360338F2BE609162F1E25F430B129C7E77B,7168,2010-02-27 12:35:02,J:\_quarantine_from_I\migrated\FAMILIA\FOTOS\CASA 2 COPIADO\Thumbs.db,2025-10-03 12:44:22
BE9B585DD6097301441A52E2F3659360338F2BE609162F1E25F430B129C7E77B,7168,2010-02-27 12:35:02,H:\FOTOS FAMILIA\CASA 2 COPIADO\Thumbs.db,2025-10-03 12:44:22
1A14ED5CBE9495BF7FFEAEFF581166847A01A693858BFF725905EB27EFBA405F,7168,2010-03-04 16:04:56,J:\_quarantine_from_I\migrated\FAMILIA\FOTOS\CASA 2009\COMILLAS AGOSTO 2009\Thumbs.db,2025-10-03 12:44:22
1A14ED5CBE9495BF7FFEAEFF581166847A01A693858BFF725905EB27EFBA405F,7168,2010-03-04 16:04:56,H:\FOTOS FAMILIA\CASA 2009\COMILLAS AGOSTO 2009\Thumbs.db,2025-10-03 12:44:22
3C38D43D4ABE12BF79ACC245A7799CB7742B27A2F9E6D7902CB7334F8288C06D,7168,2010-03-04 16:03:58,J:\_quarantine_from_I\migrated\FAMILIA\FOTOS\CASA 2010\CHALET SANDRA\Thumbs.db,2025-10-03 12:44:22
3C38D43D4ABE12BF79ACC245A7799CB7742B27A2F9E6D7902CB7334F8288C06D,7168,2010-03-04 16:03:58,H:\FOTOS FAMILIA\CASA 2010\CHALET SANDRA\Thumbs.db,2025-10-03 12:44:22
77B09B357C833E332B390F453F035B8B128003B1C8F975D317C30F52D87F0B7D,7168,2010-03-04 16:03:58,J:\_quarantine_from_I\migrated\FAMILIA\FOTOS\CASA 2010\LUNAMAR ENERO 2010\Thumbs.db,2025-10-03 12:44:22
77B09B357C833E332B390F453F035B8B128003B1C8F975D317C30F52D87F0B7D,7168,2010-03-04 16:03:58,H:\FOTOS FAMILIA\CASA 2010\LUNAMAR ENERO 2010\Thumbs.db,2025-10-03 12:44:22
29BAD5D905A778AE5A3902AFECCC5F7C249D478B064A9D386E2BD8FEED67FFD1,7168,2010-03-04 16:03:56,J:\_quarantine_from_I\migrated\FAMILIA\FOTOS\CASA 2010\NEVADA VIAJE A MARBELLA\Thumbs.db,2025-10-03 12:44:22
29BAD5D905A778AE5A3902AFECCC5F7C249D478B064A9D386E2BD8FEED67FFD1,7168,2010-03-04 16:03:56,H:\FOTOS FAMILIA\CASA 2010\NEVADA VIAJE A MARBELLA\Thumbs.db,2025-10-03 12:44:22
F9B3DCE70A3054F5E330E4354BF5B9BB01677F74C3B5C2FC94644348BAE3B146,7168,2010-03-04 15:59:44,J:\_quarantine_from_I\migrated\FAMILIA\FOTOS\MALAGA 2\MONICA\Thumbs.db,2025-10-03 12:44:22
F9B3DCE70A3054F5E330E4354BF5B9BB01677F74C3B5C2FC94644348BAE3B146,7168,2010-03-04 15:59:44,H:\FOTOS FAMILIA\MALAGA 2\MONICA\Thumbs.db,2025-10-03 12:44:22
042F97821AA591696BD011B20F691168B928734FF1893E660170C4926CF0B50C,18944,2012-03-14 15:33:18,J:\_quarantine_from_I\migrated\FAMILIA\FOTOS\ALE MAGO\Thumbs.db,2025-10-03 12:44:22
042F97821AA591696BD011B20F691168B928734FF1893E660170C4926CF0B50C,18944,2012-03-14 15:33:18,H:\FOTOS FAMILIA\ALE MAGO\Thumbs.db,2025-10-03 12:44:22
764A24925345B5BD266FEE69024B6F23BC784CC09569C25DB7446984994F57ED,18944,2012-06-08 11:57:04,J:\_quarantine_from_I\migrated\FAMILIA\FOTOS\FOTOS 2012\serpiente ale 1\Thumbs.db,2025-10-03 12:44:22
764A24925345B5BD266FEE69024B6F23BC784CC09569C25DB7446984994F57ED,18944,2012-06-08 11:57:04,H:\FOTOS FAMILIA\FOTOS 2012\serpiente ale 1\Thumbs.db,2025-10-03 12:44:22
D2F37B8030DA8B5966CDAF62F1E5F45225D7936ACD706CADD42D39F48E5CCF48,2300,2012-06-28 18:04:46,J:\_quarantine_from_I\migrated\FAMILIA\FOTOS\ALE MAGO\ZbThumbnail.info,2025-10-03 12:44:22
D2F37B8030DA8B5966CDAF62F1E5F45225D7936ACD706CADD42D39F48E5CCF48,2300,2012-06-28 18:04:46,H:\FOTOS FAMILIA\ALE MAGO\ZbThumbnail.info,2025-10-03 12:44:22
441E0DCA98EA050227ADAD411E86683BDF648CDEB93DF411725E18E778AA1EEE,26112,2011-08-17 14:41:30,J:\_quarantine_from_I\migrated\FAMILIA\FOTOS\andorra 2-04\Thumbs.db,2025-10-03 12:44:22
441E0DCA98EA050227ADAD411E86683BDF648CDEB93DF411725E18E778AA1EEE,26112,2011-08-17 14:41:30,H:\FOTOS FAMILIA\andorra 2-04\Thumbs.db,2025-10-03 12:44:22
D31C7AB18FFB8B7ACA28185C1C3D022BEBB45A60E3B72B1B3E5088BD7D42CC94,26112,2012-12-03 17:29:54,J:\_quarantine_from_I\migrated\FAMILIA\FOTOS\CRISTINA VIJANDE RETOCADAS\BANDEJAS PORCELANA\Thumbs.db,2025-10-03 12:44:22
D31C7AB18FFB8B7ACA28185C1C3D022BEBB45A60E3B72B1B3E5088BD7D42CC94,26112,2012-12-03 17:29:54,H:\FOTOS FAMILIA\CRISTINA VIJANDE RETOCADAS\BANDEJAS PORCELANA\Thumbs.db,2025-10-03 12:44:22
F71A923B416E150F9882BDC5D4F317687A007D1C6B99E1DAC7E4C8B0862925DA,8192,2010-03-04 16:04:54,H:\FOTOS FAMILIA\ANTO ENERO 2009\Thumbs.db,2025-10-03 12:44:22
F71A923B416E150F9882BDC5D4F317687A007D1C6B99E1DAC7E4C8B0862925DA,8192,2010-03-04 16:04:54,H:\FOTOS FAMILIA\CASA 2009\ANTO ENERO 2009\Thumbs.db,2025-10-03 12:44:22
4757530CE6406BD8AEC25752A1CE2C9CB9F1AC6217802971182895A4F5D6B4D9,8192,2010-02-27 12:35:00,J:\_quarantine_from_I\migrated\FAMILIA\FOTOS\ATALAYA 1 COPIADO\Thumbs.db,2025-10-03 12:44:22
4757530CE6406BD8AEC25752A1CE2C9CB9F1AC6217802971182895A4F5D6B4D9,8192,2010-02-27 12:35:00,H:\FOTOS FAMILIA\ATALAYA 1 COPIADO\Thumbs.db,2025-10-03 12:44:22
C37F887BE26E8D2BEFD2B3416BC53C2FB0CFC0742A43E9D3E0941B5FBFFA5DE9,8192,2010-02-27 12:35:00,J:\_quarantine_from_I\migrated\FAMILIA\FOTOS\ATALAYA 2\Thumbs.db,2025-10-03 12:44:22
C37F887BE26E8D2BEFD2B3416BC53C2FB0CFC0742A43E9D3E0941B5FBFFA5DE9,8192,2010-02-27 12:35:00,H:\FOTOS FAMILIA\ATALAYA 2\Thumbs.db,2025-10-03 12:44:22
53AA801E9DBE597914E1FF1B545BB96FED06059A64A64EADE829EDFDB7554E35,8192,2010-02-27 12:35:00,J:\_quarantine_from_I\migrated\FAMILIA\FOTOS\ATALAYA sept. 2003\Thumbs.db,2025-10-03 12:44:22
53AA801E9DBE597914E1FF1B545BB96FED06059A64A64EADE829EDFDB7554E35,8192,2010-02-27 12:35:00,H:\FOTOS FAMILIA\ATALAYA sept. 2003\Thumbs.db,2025-10-03 12:44:22
9CF4AEA4FAD39FDF420507135B49CFD120C50C7FA9201C7C78C95121691C876D,8192,2010-03-04 16:04:18,J:\_quarantine_from_I\migrated\FAMILIA\FOTOS\CASA 2009\BODA ANA\FOTOS MARIVI\Thumbs.db,2025-10-03 12:44:22
9CF4AEA4FAD39FDF420507135B49CFD120C50C7FA9201C7C78C95121691C876D,8192,2010-03-04 16:04:18,H:\FOTOS FAMILIA\CASA 2009\BODA ANA\FOTOS MARIVI\Thumbs.db,2025-10-03 12:44:22
1A819E885C754B67C24AC7E0CE2D8EDC399E490090E2528F780634F5975491F0,8192,2010-03-04 16:04:56,J:\_quarantine_from_I\migrated\FAMILIA\FOTOS\CASA 2009\fotos lore\Thumbs.db,2025-10-03 12:44:22
1A819E885C754B67C24AC7E0CE2D8EDC399E490090E2528F780634F5975491F0,8192,2010-03-04 16:04:56,H:\FOTOS FAMILIA\CASA 2009\fotos lore\Thumbs.db,2025-10-03 12:44:22
FE3685E1BF7C02D2EDB510DAFE92F51DC22B5F1E8BACCB03527658DBA65DA7D8,8192,2010-02-27 12:35:04,J:\_quarantine_from_I\migrated\FAMILIA\FOTOS\CASA 3\Thumbs.db,2025-10-03 12:44:22
FE3685E1BF7C02D2EDB510DAFE92F51DC22B5F1E8BACCB03527658DBA65DA7D8,8192,2010-02-27 12:35:04,H:\FOTOS FAMILIA\CASA 3\Thumbs.db,2025-10-03 12:44:22
ED898A3B9259621EEBD5EBBC3FBAE2BDB40D4155EA252B7D3B14F45C72F9816E,8192,2010-02-27 12:35:06,J:\_quarantine_from_I\migrated\FAMILIA\FOTOS\COMILLAS 1 COPIADO\Thumbs.db,2025-10-03 12:44:22
ED898A3B9259621EEBD5EBBC3FBAE2BDB40D4155EA252B7D3B14F45C72F9816E,8192,2010-02-27 12:35:06,H:\FOTOS FAMILIA\COMILLAS 1 COPIADO\Thumbs.db,2025-10-03 12:44:22
2F6007F5ABFC8616DDA0A88ACE73A4970FE403336113FFF1DE9DC059D8B1E825,8192,2010-02-27 12:35:06,J:\_quarantine_from_I\migrated\FAMILIA\FOTOS\COMILLAS 2\Thumbs.db,2025-10-03 12:44:22
2F6007F5ABFC8616DDA0A88ACE73A4970FE403336113FFF1DE9DC059D8B1E825,8192,2010-02-27 12:35:06,H:\FOTOS FAMILIA\COMILLAS 2\Thumbs.db,2025-10-03 12:44:22
0AB22E0D4AA02EA030035F721A79190628DF2BE9F71B33D691ADCA64A6B5E3D1,8192,2010-02-27 12:35:08,J:\_quarantine_from_I\migrated\FAMILIA\FOTOS\CRUCERO ECLIPSE PLAY3\Thumbs.db,2025-10-03 12:44:22
0AB22E0D4AA02EA030035F721A79190628DF2BE9F71B33D691ADCA64A6B5E3D1,8192,2010-02-27 12:35:08,H:\FOTOS FAMILIA\CRUCERO ECLIPSE PLAY3\Thumbs.db,2025-10-03 12:44:22
A14FC2C052F584E01521FCAB62151BC26F15008371EF7F6642291FEB077F1CC0,8192,2010-02-27 12:35:08,J:\_quarantine_from_I\migrated\FAMILIA\FOTOS\dusko\Thumbs.db,2025-10-03 12:44:22
A14FC2C052F584E01521FCAB62151BC26F15008371EF7F6642291FEB077F1CC0,8192,2010-02-27 12:35:08,H:\FOTOS FAMILIA\FOTOS FACHADA PABLO VIDAL\Thumbs.db,2025-10-03 12:44:22
544BD8EE766A189FC52E4C77FC4719D58970AFA0A1605110F10B8D41A67DB37A,8192,2010-03-04 15:54:18,J:\_quarantine_from_I\migrated\FAMILIA\FOTOS\MALAGA 1 COPIADO\cumple anto 10 años\Thumbs.db,2025-10-03 12:44:22
544BD8EE766A189FC52E4C77FC4719D58970AFA0A1605110F10B8D41A67DB37A,8192,2010-03-04 15:54:18,H:\FOTOS FAMILIA\MALAGA 1 COPIADO\cumple anto 10 años\Thumbs.db,2025-10-03 12:44:22
610A7B2F05CC877FE52F3CAA62491697C53C846CC84FA71FBE189B2E43392FB6,8192,2010-03-04 15:54:22,J:\_quarantine_from_I\migrated\FAMILIA\FOTOS\MALAGA 1 COPIADO\cumple koki\Thumbs.db,2025-10-03 12:44:22
610A7B2F05CC877FE52F3CAA62491697C53C846CC84FA71FBE189B2E43392FB6,8192,2010-03-04 15:54:22,H:\FOTOS FAMILIA\MALAGA 1 COPIADO\cumple koki\Thumbs.db,2025-10-03 12:44:22
20585A9124A050FE96435E2065BD0C8EF8150D8A26859EA83C85C533141F7E2C,8192,2010-03-04 15:55:06,J:\_quarantine_from_I\migrated\FAMILIA\FOTOS\MALAGA 1 COPIADO\IÑAKI\Thumbs.db,2025-10-03 12:44:22
20585A9124A050FE96435E2065BD0C8EF8150D8A26859EA83C85C533141F7E2C,8192,2010-03-04 15:55:06,H:\FOTOS FAMILIA\MALAGA 1 COPIADO\IÑAKI\Thumbs.db,2025-10-03 12:44:22
5151337B8E97CBDA0732C5DAFAB303B267CA68C424D623635B76F90352B6094D,8192,2010-03-04 15:55:06,J:\_quarantine_from_I\migrated\FAMILIA\FOTOS\MALAGA 1 COPIADO\MANUEL CUMPLE\Thumbs.db,2025-10-03 12:44:22
5151337B8E97CBDA0732C5DAFAB303B267CA68C424D623635B76F90352B6094D,8192,2010-03-04 15:55:06,H:\FOTOS FAMILIA\MALAGA 1 COPIADO\MANUEL CUMPLE\Thumbs.db,2025-10-03 12:44:22
1DC805ABA4F7B24E9DC53A332EE8AC41F900EC827FBC19B59B24849794065069,8192,2010-03-04 15:55:06,J:\_quarantine_from_I\migrated\FAMILIA\FOTOS\MALAGA 1 COPIADO\niños torreon\Thumbs.db,2025-10-03 12:44:22
1DC805ABA4F7B24E9DC53A332EE8AC41F900EC827FBC19B59B24849794065069,8192,2010-03-04 15:55:06,H:\FOTOS FAMILIA\MALAGA 1 COPIADO\niños torreon\Thumbs.db,2025-10-03 12:44:22
3CD98BE4249298D02D84C9F8DCE5E63BB707CACFA5E9A3BAEC9C0B34CA0F8EEB,8192,2010-03-04 15:55:06,J:\_quarantine_from_I\migrated\FAMILIA\FOTOS\MALAGA 1 COPIADO\observatorio\Thumbs.db,2025-10-03 12:44:22
3CD98BE4249298D02D84C9F8DCE5E63BB707CACFA5E9A3BAEC9C0B34CA0F8EEB,8192,2010-03-04 15:55:06,H:\FOTOS FAMILIA\MALAGA 1 COPIADO\observatorio\Thumbs.db,2025-10-03 12:44:22
E239A9AC39136759EB59472AE17146C6A811E7E054030C5097F2364EE3F26C1E,8192,2010-03-04 15:55:08,J:\_quarantine_from_I\migrated\FAMILIA\FOTOS\MALAGA 1 COPIADO\P.NATURAL\Thumbs.db,2025-10-03 12:44:22
E239A9AC39136759EB59472AE17146C6A811E7E054030C5097F2364EE3F26C1E,8192,2010-03-04 15:55:08,H:\FOTOS FAMILIA\MALAGA 1 COPIADO\P.NATURAL\Thumbs.db,2025-10-03 12:44:22
8DB4EEBAD4983E15C69971EF74852F5597705DBB946217EB82F6D3B61911BF57,8192,2010-03-04 15:55:06,J:\_quarantine_from_I\migrated\FAMILIA\FOTOS\MALAGA 1 COPIADO\VARIOS1\Thumbs.db,2025-10-03 12:44:22
8DB4EEBAD4983E15C69971EF74852F5597705DBB946217EB82F6D3B61911BF57,8192,2010-03-04 15:55:06,H:\FOTOS FAMILIA\MALAGA 1 COPIADO\VARIOS1\Thumbs.db,2025-10-03 12:44:22
949ACFECE42155B1B417FEEB27B59FBEE26C1A9EFFCD9D6094B2E6B5AB52B3AF,8192,2010-03-04 15:59:28,J:\_quarantine_from_I\migrated\FAMILIA\FOTOS\MALAGA 2\1ºDIA DE COLE 2007\Thumbs.db,2025-10-03 12:44:22
949ACFECE42155B1B417FEEB27B59FBEE26C1A9EFFCD9D6094B2E6B5AB52B3AF,8192,2010-03-04 15:59:28,H:\FOTOS FAMILIA\MALAGA 2\1ºDIA DE COLE 2007\Thumbs.db,2025-10-03 12:44:22
AB77E1C99878B8E9292235B3639004F895A2D3ECECDC3B0F656052E99C67D409,8192,2010-03-04 15:59:36,J:\_quarantine_from_I\migrated\FAMILIA\FOTOS\MALAGA 2\ATUNES 09-09-2006\Thumbs.db,2025-10-03 12:44:22
AB77E1C99878B8E9292235B3639004F895A2D3ECECDC3B0F656052E99C67D409,8192,2010-03-04 15:59:36,H:\FOTOS FAMILIA\MALAGA 2\ATUNES 09-09-2006\Thumbs.db,2025-10-03 12:44:22
E48974D52A2A1604F8588FE943C1E21B37334C10031983750F9B4C50EE5981C6,8192,2010-03-04 15:59:38,J:\_quarantine_from_I\migrated\FAMILIA\FOTOS\MALAGA 2\CUMPLE MANE 2009\Thumbs.db,2025-10-03 12:44:22
E48974D52A2A1604F8588FE943C1E21B37334C10031983750F9B4C50EE5981C6,8192,2010-03-04 15:59:38,H:\FOTOS FAMILIA\MALAGA 2\CUMPLE MANE 2009\Thumbs.db,2025-10-03 12:44:22
35D974411C0FD2379321BE5BF853509D9A93FB8E4922C97A719EE8D0E6E2F7A9,8192,2010-03-04 15:59:42,J:\_quarantine_from_I\migrated\FAMILIA\FOTOS\MALAGA 2\FAMILIA DURAN\Thumbs.db,2025-10-03 12:44:22
35D974411C0FD2379321BE5BF853509D9A93FB8E4922C97A719EE8D0E6E2F7A9,8192,2010-03-04 15:59:42,H:\FOTOS FAMILIA\MALAGA 2\FAMILIA DURAN\Thumbs.db,2025-10-03 12:44:22
ABB5005A02B87B12DCEE733A7BF6B73353E4EA7800E5FFD013C19AE9B08B46A6,8192,2010-03-04 15:59:22,J:\_quarantine_from_I\migrated\FAMILIA\FOTOS\Oficina V.Muzas\Thumbs.db,2025-10-03 12:44:22
ABB5005A02B87B12DCEE733A7BF6B73353E4EA7800E5FFD013C19AE9B08B46A6,8192,2010-03-04 15:59:22,H:\FOTOS FAMILIA\Oficina V.Muzas\Thumbs.db,2025-10-03 12:44:22
0A99E7056945B1E0E4AE09D6585548B6B28FFBF7CFC40EBE37F636076E21B832,8192,2010-03-04 15:59:24,J:\_quarantine_from_I\migrated\FAMILIA\FOTOS\P.VIDAL3ºIZQ\Thumbs.db,2025-10-03 12:44:22
0A99E7056945B1E0E4AE09D6585548B6B28FFBF7CFC40EBE37F636076E21B832,8192,2010-03-04 15:59:24,H:\FOTOS FAMILIA\P.VIDAL3ºIZQ\Thumbs.db,2025-10-03 12:44:22
30B8A32F35BAC1E9A3A2AEF797EA6E91545EB42B91BBBFE08213BEA0381C7697,8192,2010-03-04 15:59:24,J:\_quarantine_from_I\migrated\FAMILIA\FOTOS\Pablo Vidal\Thumbs.db,2025-10-03 12:44:22
30B8A32F35BAC1E9A3A2AEF797EA6E91545EB42B91BBBFE08213BEA0381C7697,8192,2010-03-04 15:59:24,H:\FOTOS FAMILIA\Pablo Vidal\Thumbs.db,2025-10-03 12:44:22
0352BAA48B66EA8F3200D31B46505B706B96D51D6D98D2AF63BA75142C435F5A,8192,2010-03-04 15:54:10,J:\_quarantine_from_I\migrated\FAMILIA\FOTOS\PRIMERA COMUNION MANUEL FOTOS\Thumbs.db,2025-10-03 12:44:22
0352BAA48B66EA8F3200D31B46505B706B96D51D6D98D2AF63BA75142C435F5A,8192,2010-03-04 15:54:10,H:\FOTOS FAMILIA\PRIMERA COMUNION MANUEL FOTOS\Thumbs.db,2025-10-03 12:44:22
834849319BB7555BD80889B5CE9629077197EEDA065BE1CFD4D3A4D7DE959290,8192,2012-04-12 14:07:44,J:\_quarantine_from_I\migrated\FAMILIA\FOTOS\TANZANIA\fotos iphone\Thumbs.db,2025-10-03 12:44:22
834849319BB7555BD80889B5CE9629077197EEDA065BE1CFD4D3A4D7DE959290,8192,2012-04-12 14:07:44,H:\FOTOS FAMILIA\TANZANIA\fotos iphone\Thumbs.db,2025-10-03 12:44:22
7C56E8A84AA2310705D061676029C1C66D857011867C4F59E433B47108434937,357930,2007-04-18 09:20:18,J:\_quarantine_from_I\migrated\FAMILIA\FOTOS\ATALAYA 1 COPIADO\CUMPLE 2º\ZbThumbnail.info,2025-10-03 12:44:22
7C56E8A84AA2310705D061676029C1C66D857011867C4F59E433B47108434937,357930,2007-04-18 09:20:18,H:\FOTOS FAMILIA\ATALAYA 1 COPIADO\CUMPLE 2º\ZbThumbnail.info,2025-10-03 12:44:22
FE6AA8B1F964981501F915B19B5603F022101B349304FCABA6583E3FA8903028,265216,2006-06-18 10:28:06,H:\FOTOS FAMILIA\ATALAYA 2\CHINA\ZbThumbnail.info,2025-10-03 12:44:22
FE6AA8B1F964981501F915B19B5603F022101B349304FCABA6583E3FA8903028,265216,2006-06-18 10:28:06,H:\FOTOS FAMILIA\ATALAYA 2\fotos vero\CHINA\ZbThumbnail.info,2025-10-03 12:44:22
E722B85E41DA9C7B33E84004B4354055C0418AE82DFA48ED1B7F9BE580E5BBC0,28160,2011-08-17 14:41:30,J:\_quarantine_from_I\migrated\FAMILIA\FOTOS\BALTICO\Thumbs.db,2025-10-03 12:44:22
E722B85E41DA9C7B33E84004B4354055C0418AE82DFA48ED1B7F9BE580E5BBC0,28160,2011-08-17 14:41:30,H:\FOTOS FAMILIA\BALTICO\Thumbs.db,2025-10-03 12:44:22
D88F71A43A05C88A6487B1DBC21C326FC57204BD9CB8F5CE40E2C3A3FC6E7C2B,28160,2011-08-17 14:43:42,J:\_quarantine_from_I\migrated\FAMILIA\FOTOS\CRUCERO 60 1\Thumbs.db,2025-10-03 12:44:22
D88F71A43A05C88A6487B1DBC21C326FC57204BD9CB8F5CE40E2C3A3FC6E7C2B,28160,2011-08-17 14:43:42,H:\FOTOS FAMILIA\CRUCERO 60 1\Thumbs.db,2025-10-03 12:44:22
899388FEED35FF8F24A9B3E4FA9907521E6804C9A611E4C9659DDEBACB27DD7A,28160,2011-08-17 14:44:10,J:\_quarantine_from_I\migrated\FAMILIA\FOTOS\MILAN\Thumbs.db,2025-10-03 12:44:22
899388FEED35FF8F24A9B3E4FA9907521E6804C9A611E4C9659DDEBACB27DD7A,28160,2011-08-17 14:44:10,H:\FOTOS FAMILIA\MILAN\Thumbs.db,2025-10-03 12:44:22
9B329217A3A6394BDC8F5AF327740D05480915BC5C495670FE03BD0BFF075318,180224,2011-08-17 16:47:10,J:\_quarantine_from_I\migrated\FAMILIA\FOTOS\Benidorm\Thumbs.db,2025-10-03 12:44:22
9B329217A3A6394BDC8F5AF327740D05480915BC5C495670FE03BD0BFF075318,180224,2011-08-17 16:47:10,H:\FOTOS FAMILIA\Benidorm\Thumbs.db,2025-10-03 12:44:22
50E54B6371FAF0FC7105D71B5077A3FAB195EFD8905F4F7F56CC8F67546794C0,27136,2011-08-17 14:43:42,J:\_quarantine_from_I\migrated\FAMILIA\FOTOS\boda Ruth sept. 2005\Thumbs.db,2025-10-03 12:44:22
50E54B6371FAF0FC7105D71B5077A3FAB195EFD8905F4F7F56CC8F67546794C0,27136,2011-08-17 14:43:42,H:\FOTOS FAMILIA\boda Ruth sept. 2005\Thumbs.db,2025-10-03 12:44:22
71745AA3601C2848F2807944EF471105B4C4DD594B92100951C31C4654944414,27136,2011-08-19 12:52:12,J:\_quarantine_from_I\migrated\FAMILIA\FOTOS\CUMPLE VERO 30\Thumbs.db,2025-10-03 12:44:22
71745AA3601C2848F2807944EF471105B4C4DD594B92100951C31C4654944414,27136,2011-08-19 12:52:12,H:\FOTOS FAMILIA\CUMPLE VERO 30\Thumbs.db,2025-10-03 12:44:22
58358294EF7B314C582C6E3C10EE4838D74F0DDF568A20334091F5131D178CF7,27136,2011-08-17 14:38:54,J:\_quarantine_from_I\migrated\FAMILIA\FOTOS\obra lunamar\2010-11-03\Thumbs.db,2025-10-03 12:44:22
58358294EF7B314C582C6E3C10EE4838D74F0DDF568A20334091F5131D178CF7,27136,2011-08-17 14:38:54,H:\FOTOS FAMILIA\obra lunamar\2010-11-03\Thumbs.db,2025-10-03 12:44:22
3801D7ED87A6835F1D423CCA04D761776C8B037297D5B12EB9EA58728582DB60,27136,2011-08-17 14:46:20,J:\_quarantine_from_I\migrated\FAMILIA\FOTOS\VIAJE VENECIA IÑAKI\Thumbs.db,2025-10-03 12:44:22
3801D7ED87A6835F1D423CCA04D761776C8B037297D5B12EB9EA58728582DB60,27136,2011-08-17 14:46:20,H:\FOTOS FAMILIA\VIAJE VENECIA IÑAKI\Thumbs.db,2025-10-03 12:44:22
493A38507AFED14AA176A04C5F8B4813D6BFF9DD0785AEA6909311411DB65D49,33280,2011-08-17 14:43:42,J:\_quarantine_from_I\migrated\FAMILIA\FOTOS\Bolero\Thumbs.db,2025-10-03 12:44:22
493A38507AFED14AA176A04C5F8B4813D6BFF9DD0785AEA6909311411DB65D49,33280,2011-08-17 14:43:42,H:\FOTOS FAMILIA\Bolero\Thumbs.db,2025-10-03 12:44:22
5F7E761E9DFFB8992971F4EA8F28C61604A188F7D69C00C19B04A2712CD2E127,33280,2011-08-17 14:43:42,J:\_quarantine_from_I\migrated\FAMILIA\FOTOS\crucero baltico 2005\Thumbs.db,2025-10-03 12:44:22
5F7E761E9DFFB8992971F4EA8F28C61604A188F7D69C00C19B04A2712CD2E127,33280,2011-08-17 14:43:42,H:\FOTOS FAMILIA\crucero baltico 2005\Thumbs.db,2025-10-03 12:44:22
872889735C1DECE87D8E4FA6EAF5197521696CFE72D573F3A43B607E4188E99D,33280,2011-08-17 14:44:10,J:\_quarantine_from_I\migrated\FAMILIA\FOTOS\MALAGA 2002\Thumbs.db,2025-10-03 12:44:22
872889735C1DECE87D8E4FA6EAF5197521696CFE72D573F3A43B607E4188E99D,33280,2011-08-17 14:44:10,H:\FOTOS FAMILIA\MALAGA 2002\Thumbs.db,2025-10-03 12:44:22
BC76B210DFF29CC6BEFD0320F1CDDAB84BAAD79DE4B8AEDEA8D07BA444FCF8A5,223744,2011-08-18 16:53:40,J:\_quarantine_from_I\migrated\FAMILIA\FOTOS\CARIBE 2\Thumbs.db,2025-10-03 12:44:22
BC76B210DFF29CC6BEFD0320F1CDDAB84BAAD79DE4B8AEDEA8D07BA444FCF8A5,223744,2011-08-18 16:53:40,H:\FOTOS FAMILIA\CARIBE 2\Thumbs.db,2025-10-03 12:44:22
20E7E3585F00A876103ECFA3EDBD64C96CACC3AD65498005BD38A3B6B4CB3F2E,6144,2010-02-27 12:35:02,J:\_quarantine_from_I\migrated\FAMILIA\FOTOS\CASA 1 COPIADO y play 3\Thumbs.db,2025-10-03 12:44:22
20E7E3585F00A876103ECFA3EDBD64C96CACC3AD65498005BD38A3B6B4CB3F2E,6144,2010-02-27 12:35:02,H:\FOTOS FAMILIA\CASA 1 COPIADO y play 3\Thumbs.db,2025-10-03 12:44:22
07CA9E7E65FA8D0491909D7E08BA11139B71FDBCEAFE083206FB0B49D9F3292E,6144,2010-03-04 16:04:54,J:\_quarantine_from_I\migrated\FAMILIA\FOTOS\CASA 2009\boda 1969\Thumbs.db,2025-10-03 12:44:22
07CA9E7E65FA8D0491909D7E08BA11139B71FDBCEAFE083206FB0B49D9F3292E,6144,2010-03-04 16:04:54,H:\FOTOS FAMILIA\CASA 2009\boda 1969\Thumbs.db,2025-10-03 12:44:22
F1B598EB5CF94C78336B9F2BEA77556E715960041A20E297E0B4E1D0B6286225,6144,2010-02-27 12:35:20,J:\_quarantine_from_I\migrated\FAMILIA\FOTOS\FOTOS Y VIDEO ANTO CASIO\Thumbs.db,2025-10-03 12:44:22
F1B598EB5CF94C78336B9F2BEA77556E715960041A20E297E0B4E1D0B6286225,6144,2010-02-27 12:35:20,H:\FOTOS FAMILIA\FOTOS Y VIDEO ANTO CASIO\Thumbs.db,2025-10-03 12:44:22
34671182D9BF68A93EE5F57F3013161532F827F41214E2B1303B330035385087,6144,2012-05-04 12:35:22,J:\_quarantine_from_I\migrated\FAMILIA\FOTOS\TANZANIA\Thumbs.db,2025-10-03 12:44:22
34671182D9BF68A93EE5F57F3013161532F827F41214E2B1303B330035385087,6144,2012-05-04 12:35:22,H:\FOTOS FAMILIA\TANZANIA\Thumbs.db,2025-10-03 12:44:22
4810F7AD1ACC6F7BEB85276FC6935B66259C47B55B5807050F81C2B0F77744A1,54784,2010-03-13 19:54:30,J:\_quarantine_from_I\migrated\FAMILIA\FOTOS\CASA 1 COPIADO y play 3\TORRES\Thumbs.db,2025-10-03 12:44:22
4810F7AD1ACC6F7BEB85276FC6935B66259C47B55B5807050F81C2B0F77744A1,54784,2010-03-13 19:54:30,H:\FOTOS FAMILIA\CASA 1 COPIADO y play 3\TORRES\Thumbs.db,2025-10-03 12:44:22
08C7937C59B8730DFF127DF02872991090B8DE052D65196CD2077F700F1AD901,781824,2007-11-23 23:53:36,J:\_quarantine_from_I\migrated\FAMILIA\FOTOS\CASA 2 COPIADO\ehthumbs_vista.db,2025-10-03 12:44:22
08C7937C59B8730DFF127DF02872991090B8DE052D65196CD2077F700F1AD901,781824,2007-11-23 23:53:36,H:\FOTOS FAMILIA\CASA 2 COPIADO\ehthumbs_vista.db,2025-10-03 12:44:22
C5A4D343F5E7AE1501F274A03D6492D58ADEEDD844A44386A0F8EFE453E43668,4780544,2007-11-23 23:53:36,J:\_quarantine_from_I\migrated\FAMILIA\FOTOS\CASA 2 COPIADO\COMILLAS 12-2005 retocadas\ehthumbs_vista.db,2025-10-03 12:44:22
C5A4D343F5E7AE1501F274A03D6492D58ADEEDD844A44386A0F8EFE453E43668,4780544,2007-11-23 23:53:36,H:\FOTOS FAMILIA\CASA 2 COPIADO\COMILLAS 12-2005 retocadas\ehthumbs_vista.db,2025-10-03 12:44:22
869E88D6F82DEEE99DA5FCA82174A0EC6CE9CFD1258420A8A4D7E7348714BDA3,191717,2003-10-23 18:27:52,J:\_quarantine_from_I\migrated\FAMILIA\FOTOS\CASA 2 COPIADO\FIESTA RUTH\ZbThumbnail.info,2025-10-03 12:44:22
869E88D6F82DEEE99DA5FCA82174A0EC6CE9CFD1258420A8A4D7E7348714BDA3,191717,2003-10-23 18:27:52,H:\FOTOS FAMILIA\CASA 2 COPIADO\FIESTA RUTH\ZbThumbnail.info,2025-10-03 12:44:22
E0185B8FEADA32FD780A85526602A5EDEDFA4113FEC3728318AC7D309EA00A93,78898,2006-02-27 14:47:34,J:\_quarantine_from_I\migrated\FAMILIA\FOTOS\CASA 2 COPIADO\nevada febrero 2006\ZbThumbnail.info,2025-10-03 12:44:22
E0185B8FEADA32FD780A85526602A5EDEDFA4113FEC3728318AC7D309EA00A93,78898,2006-02-27 14:47:34,H:\FOTOS FAMILIA\CASA 2 COPIADO\nevada febrero 2006\ZbThumbnail.info,2025-10-03 12:44:22
C2AA8967203E0AC8003F75BC7BED5CEDCCA16AFAA7741CC25044E09DCC60ED5F,4408,2006-05-24 17:55:10,J:\_quarantine_from_I\migrated\FAMILIA\FOTOS\CASA 2 COPIADO\niños jardin mayo 2006\ZbThumbnail.info,2025-10-03 12:44:22
C2AA8967203E0AC8003F75BC7BED5CEDCCA16AFAA7741CC25044E09DCC60ED5F,4408,2006-05-24 17:55:10,H:\FOTOS FAMILIA\CASA 2 COPIADO\niños jardin mayo 2006\ZbThumbnail.info,2025-10-03 12:44:22
323006B74EC2000C267129597CA329D7496A81C06433D11F0903BD787591BCA5,356352,2007-11-24 00:01:54,J:\_quarantine_from_I\migrated\FAMILIA\FOTOS\CASA 2007-08\ehthumbs_vista.db,2025-10-03 12:44:22
323006B74EC2000C267129597CA329D7496A81C06433D11F0903BD787591BCA5,356352,2007-11-24 00:01:54,H:\FOTOS FAMILIA\CASA 2007-08\ehthumbs_vista.db,2025-10-03 12:44:22
23D90D3100B1663495DA0E3E83B1C05A457EEA71B148D4C947A83FC49853C9DD,5632,2010-02-27 12:35:04,J:\_quarantine_from_I\migrated\FAMILIA\FOTOS\CASA 2007-08\Thumbs.db,2025-10-03 12:44:22
23D90D3100B1663495DA0E3E83B1C05A457EEA71B148D4C947A83FC49853C9DD,5632,2010-02-27 12:35:04,H:\FOTOS FAMILIA\CASA 2007-08\Thumbs.db,2025-10-03 12:44:22
107285522B734B992E3F10FF455A2798F37C50037961E441780F458B42EE1EB4,3426816,2007-11-24 00:01:54,J:\_quarantine_from_I\migrated\FAMILIA\FOTOS\CASA 2007-08\comillas agosto 2007\ehthumbs_vista.db,2025-10-03 12:44:22
107285522B734B992E3F10FF455A2798F37C50037961E441780F458B42EE1EB4,3426816,2007-11-24 00:01:54,H:\FOTOS FAMILIA\CASA 2007-08\comillas agosto 2007\ehthumbs_vista.db,2025-10-03 12:44:22
164DBED8A6AEB3A794CA03A5D48F1618BCCB22C521BF0F9E8BC1AE68627BE49C,2391040,2008-01-12 10:17:40,J:\_quarantine_from_I\migrated\FAMILIA\FOTOS\CASA 2007-08\nochevieja 07-08\ehthumbs_vista.db,2025-10-03 12:44:22
164DBED8A6AEB3A794CA03A5D48F1618BCCB22C521BF0F9E8BC1AE68627BE49C,2391040,2008-01-12 10:17:40,H:\FOTOS FAMILIA\CASA 2007-08\nochevieja 07-08\ehthumbs_vista.db,2025-10-03 12:44:22
C5DB7F31A5842A181BCD3701670179B714AB00945071275C5D94AF2EF372405A,1037312,2008-01-12 10:17:36,J:\_quarantine_from_I\migrated\FAMILIA\FOTOS\CASA 2007-08\REYES 2007\ehthumbs_vista.db,2025-10-03 12:44:22
C5DB7F31A5842A181BCD3701670179B714AB00945071275C5D94AF2EF372405A,1037312,2008-01-12 10:17:36,H:\FOTOS FAMILIA\CASA 2007-08\REYES 2007\ehthumbs_vista.db,2025-10-03 12:44:22
FCB4BDE7C341C9F7882D1AB0413902AB7333F62AB19AD978C19313BDECC805BD,46592,2010-03-04 16:04:18,J:\_quarantine_from_I\migrated\FAMILIA\FOTOS\CASA 2009\Thumbs.db,2025-10-03 12:44:22
FCB4BDE7C341C9F7882D1AB0413902AB7333F62AB19AD978C19313BDECC805BD,46592,2010-03-04 16:04:18,H:\FOTOS FAMILIA\CASA 2009\Thumbs.db,2025-10-03 12:44:22
3C0F9DB7D5BBF572FD2B6429745E0409E1A9BD285252C7616576B100F84D2DD9,457728,2010-03-04 16:04:44,J:\_quarantine_from_I\migrated\FAMILIA\FOTOS\CASA 2009\BODA ANA\FOTOS\Thumbs.db,2025-10-03 12:44:22
3C0F9DB7D5BBF572FD2B6429745E0409E1A9BD285252C7616576B100F84D2DD9,457728,2010-03-04 16:04:44,H:\FOTOS FAMILIA\CASA 2009\BODA ANA\FOTOS\Thumbs.db,2025-10-03 12:44:22
52467314C7B2B222B73FDD108C3E865FA715528C4FE833DF70F86F0521F6F86C,357888,2010-03-04 16:05:52,J:\_quarantine_from_I\migrated\FAMILIA\FOTOS\CASA 2009\FOTOS BODAS DE ORO\Thumbs.db,2025-10-03 12:44:22
52467314C7B2B222B73FDD108C3E865FA715528C4FE833DF70F86F0521F6F86C,357888,2010-03-04 16:05:52,H:\FOTOS FAMILIA\CASA 2009\FOTOS BODAS DE ORO\Thumbs.db,2025-10-03 12:44:22
EB733D50AF095F2C7E221648218A0BB6D5247FEB3A397580A525EC16B1C9C54A,7680,2010-03-04 16:04:56,J:\_quarantine_from_I\migrated\FAMILIA\FOTOS\CASA 2009\FOTOS VERO 2.009\Thumbs.db,2025-10-03 12:44:22
EB733D50AF095F2C7E221648218A0BB6D5247FEB3A397580A525EC16B1C9C54A,7680,2010-03-04 16:04:56,H:\FOTOS FAMILIA\CASA 2009\FOTOS VERO 2.009\Thumbs.db,2025-10-03 12:44:22
9EF0F9190A8890CCF35A965CEAED40536DB947D4BB815DE239CE10B5920F9871,7680,2010-03-04 16:06:10,J:\_quarantine_from_I\migrated\FAMILIA\FOTOS\CASA 2009\VIAJE A TENERIFE\FOTOS ORIGINALES\Thumbs.db,2025-10-03 12:44:22
9EF0F9190A8890CCF35A965CEAED40536DB947D4BB815DE239CE10B5920F9871,7680,2010-03-04 16:06:10,H:\FOTOS FAMILIA\CASA 2009\VIAJE A TENERIFE\FOTOS ORIGINALES\Thumbs.db,2025-10-03 12:44:22
CF825C9C0E506B17D291F1D39AD9989E29FE6C2C465B23122FD99BD923811E43,7680,2010-02-27 12:35:08,J:\_quarantine_from_I\migrated\FAMILIA\FOTOS\CHALET BOROX 32\Thumbs.db,2025-10-03 12:44:22
CF825C9C0E506B17D291F1D39AD9989E29FE6C2C465B23122FD99BD923811E43,7680,2010-02-27 12:35:08,H:\FOTOS FAMILIA\CHALET BOROX 32\Thumbs.db,2025-10-03 12:44:22
01818DCE5142ADEB086EAF39CE130830C43A37A456168CE83F9CBAB6CE4F7A13,7680,2012-12-03 17:28:20,J:\_quarantine_from_I\migrated\FAMILIA\FOTOS\CRISTINA VIJANDE RETOCADAS\CRISTALERIA GRABADA\Thumbs.db,2025-10-03 12:44:22
01818DCE5142ADEB086EAF39CE130830C43A37A456168CE83F9CBAB6CE4F7A13,7680,2012-12-03 17:28:20,H:\FOTOS FAMILIA\CRISTINA VIJANDE RETOCADAS\CRISTALERIA GRABADA\Thumbs.db,2025-10-03 12:44:22
74A05FEE135DF6FE4932D10238D2140C1977257E8ECBDF76C2FFE51E2A872474,7680,2012-12-03 17:28:20,J:\_quarantine_from_I\migrated\FAMILIA\FOTOS\CRISTINA VIJANDE RETOCADAS\CRISTALERIA LAMBERT\Thumbs.db,2025-10-03 12:44:22
74A05FEE135DF6FE4932D10238D2140C1977257E8ECBDF76C2FFE51E2A872474,7680,2012-12-03 17:28:20,H:\FOTOS FAMILIA\CRISTINA VIJANDE RETOCADAS\CRISTALERIA LAMBERT\Thumbs.db,2025-10-03 12:44:22
1DC8C011DF8325F7B776321ABAD7ABE959665D670B982BEE6F70AEE2250F31A4,7680,2012-06-26 10:31:22,J:\_quarantine_from_I\migrated\FAMILIA\FOTOS\FOTOS 2012\ALE\Thumbs.db,2025-10-03 12:44:22
1DC8C011DF8325F7B776321ABAD7ABE959665D670B982BEE6F70AEE2250F31A4,7680,2012-06-26 10:31:22,H:\FOTOS FAMILIA\FOTOS 2012\ALE\Thumbs.db,2025-10-03 12:44:22
DCC99EAD577BE99ACF87F99432E7A9AC50B4D42D063BB2B325447F47D4BE4506,7680,2012-06-05 10:47:18,J:\_quarantine_from_I\migrated\FAMILIA\FOTOS\FOTOS 2012\CUMPLE JAIME 2012\Thumbs.db,2025-10-03 12:44:22
DCC99EAD577BE99ACF87F99432E7A9AC50B4D42D063BB2B325447F47D4BE4506,7680,2012-06-05 10:47:18,H:\FOTOS FAMILIA\FOTOS 2012\CUMPLE JAIME 2012\Thumbs.db,2025-10-03 12:44:22
71E71BC4F06B0FE52327CE6C58EF138D1CA6F932C4225BFA7F41B048C2C542FE,7680,2012-06-16 11:54:26,J:\_quarantine_from_I\migrated\FAMILIA\FOTOS\FOTOS ANTO\Thumbs.db,2025-10-03 12:44:22
71E71BC4F06B0FE52327CE6C58EF138D1CA6F932C4225BFA7F41B048C2C542FE,7680,2012-06-16 11:54:26,H:\FOTOS FAMILIA\FOTOS ANTO\Thumbs.db,2025-10-03 12:44:22
38532692A264A95E290F5330AF3231628FC2ED8186C5C331158A4CD92A216466,7680,2012-12-20 19:31:54,J:\_quarantine_from_I\migrated\FAMILIA\FOTOS\FOTOS LORE ZORITA\Thumbs.db,2025-10-03 12:44:22
38532692A264A95E290F5330AF3231628FC2ED8186C5C331158A4CD92A216466,7680,2012-12-20 19:31:54,H:\FOTOS FAMILIA\FOTOS LORE ZORITA\Thumbs.db,2025-10-03 12:44:22
3D1D4D0183CCB339F5F14772CA4F4FC3C1C49355587BC8B831EE16A755FEDD08,7680,2012-07-08 19:41:02,J:\_quarantine_from_I\migrated\FAMILIA\FOTOS\FOTOS TOLEDO MAYO 2012\Thumbs.db,2025-10-03 12:44:22
3D1D4D0183CCB339F5F14772CA4F4FC3C1C49355587BC8B831EE16A755FEDD08,7680,2012-07-08 19:41:02,H:\FOTOS FAMILIA\FOTOS TOLEDO MAYO 2012\Thumbs.db,2025-10-03 12:44:22
84273CF7E08680BD0A0FCFB5E068C2C89DBCC4AA5E877E9AE33FE660CFB03EF7,7680,2010-03-04 15:54:16,J:\_quarantine_from_I\migrated\FAMILIA\FOTOS\MALAGA 1 COPIADO\comunion anto\Thumbs.db,2025-10-03 12:44:22
84273CF7E08680BD0A0FCFB5E068C2C89DBCC4AA5E877E9AE33FE660CFB03EF7,7680,2010-03-04 15:54:16,H:\FOTOS FAMILIA\MALAGA 1 COPIADO\comunion anto\Thumbs.db,2025-10-03 12:44:22
710AF3370743CEA6AE4F74DB93A2AAD444671E7AF8037F448CD95B8E56DFF082,7680,2010-03-04 15:55:08,J:\_quarantine_from_I\migrated\FAMILIA\FOTOS\MALAGA 1 COPIADO\TIENDA\Thumbs.db,2025-10-03 12:44:22
710AF3370743CEA6AE4F74DB93A2AAD444671E7AF8037F448CD95B8E56DFF082,7680,2010-03-04 15:55:08,H:\FOTOS FAMILIA\MALAGA 1 COPIADO\TIENDA\Thumbs.db,2025-10-03 12:44:22
78AD63E5891466167275BF239F76F6CFBA312B981C6C1B116F342098C9CD6DC3,7680,2010-03-04 15:59:46,J:\_quarantine_from_I\migrated\FAMILIA\FOTOS\MALAGA 2\PUERTOLLANO\Thumbs.db,2025-10-03 12:44:22
78AD63E5891466167275BF239F76F6CFBA312B981C6C1B116F342098C9CD6DC3,7680,2010-03-04 15:59:46,H:\FOTOS FAMILIA\MALAGA 2\PUERTOLLANO\Thumbs.db,2025-10-03 12:44:22
83147DC761D42CDB7163A3A90A3CB2DBF550E8484321BDB585944B52139E7129,7680,2010-03-04 15:54:10,J:\_quarantine_from_I\migrated\FAMILIA\FOTOS\PABLO VIDAL 1\Thumbs.db,2025-10-03 12:44:22
83147DC761D42CDB7163A3A90A3CB2DBF550E8484321BDB585944B52139E7129,7680,2010-03-04 15:54:10,H:\FOTOS FAMILIA\PABLO VIDAL 1\Thumbs.db,2025-10-03 12:44:22
ACABE6D94347A8DE9CC2941FB2376F9CD61B3FB802F2F8A3CF560AF579FD742B,7680,2012-04-12 14:07:44,J:\_quarantine_from_I\migrated\FAMILIA\FOTOS\TANZANIA\FOTOS\Thumbs.db,2025-10-03 12:44:22
ACABE6D94347A8DE9CC2941FB2376F9CD61B3FB802F2F8A3CF560AF579FD742B,7680,2012-04-12 14:07:44,H:\FOTOS FAMILIA\TANZANIA\FOTOS\Thumbs.db,2025-10-03 12:44:22
C95C7EF0889DB8919C43F902F556F31756CAC4FA83143F602936B4D907F5D68F,69632,2010-03-04 16:05:02,J:\_quarantine_from_I\migrated\FAMILIA\FOTOS\CASA 2009\MARBELLA VERANO 2009\Thumbs.db,2025-10-03 12:44:22
C95C7EF0889DB8919C43F902F556F31756CAC4FA83143F602936B4D907F5D68F,69632,2010-03-04 16:05:02,H:\FOTOS FAMILIA\CASA 2009\MARBELLA VERANO 2009\Thumbs.db,2025-10-03 12:44:22
CB03673132E5A9FE716D577DF46468B874942D19DBB0BD53D789A5AECEC3E13B,8704,2010-03-04 16:05:06,J:\_quarantine_from_I\migrated\FAMILIA\FOTOS\CASA 2009\NOCHEVIEJA 2008-09\Thumbs.db,2025-10-03 12:44:22
CB03673132E5A9FE716D577DF46468B874942D19DBB0BD53D789A5AECEC3E13B,8704,2010-03-04 16:05:06,H:\FOTOS FAMILIA\CASA 2009\NOCHEVIEJA 2008-09\Thumbs.db,2025-10-03 12:44:22
45C66731697944FD96B610BC7D1694F2E52DCBB945ECFAF4DFEEE385F8111491,8704,2010-03-04 16:04:56,J:\_quarantine_from_I\migrated\FAMILIA\FOTOS\CASA 2009\PELO MARIBEL\Thumbs.db,2025-10-03 12:44:22
45C66731697944FD96B610BC7D1694F2E52DCBB945ECFAF4DFEEE385F8111491,8704,2010-03-04 16:04:56,H:\FOTOS FAMILIA\CASA 2009\PELO MARIBEL\Thumbs.db,2025-10-03 12:44:22
BF20C8C687A206312779F9F42A33BDC7F37E42D030D503E2B8658EC62A84F6FE,8704,2010-02-27 12:35:10,J:\_quarantine_from_I\migrated\FAMILIA\FOTOS\FOTOS NIEVE\Thumbs.db,2025-10-03 12:44:22
BF20C8C687A206312779F9F42A33BDC7F37E42D030D503E2B8658EC62A84F6FE,8704,2010-02-27 12:35:10,H:\FOTOS FAMILIA\FOTOS NIEVE\Thumbs.db,2025-10-03 12:44:22
2E6B7E29ED6D0E8A033E8E1037BFF8F73A57CCC5CFB0D9DDA1DC4B2078EC8FE4,8704,2010-03-04 15:55:08,J:\_quarantine_from_I\migrated\FAMILIA\FOTOS\MALAGA 1 COPIADO\OTOÑO 2004\Thumbs.db,2025-10-03 12:44:22
2E6B7E29ED6D0E8A033E8E1037BFF8F73A57CCC5CFB0D9DDA1DC4B2078EC8FE4,8704,2010-03-04 15:55:08,H:\FOTOS FAMILIA\MALAGA 1 COPIADO\OTOÑO 2004\Thumbs.db,2025-10-03 12:44:22
2385DDE8B641FB0871F85C9FE19DCB1B15908E4691307194B935E2DCA414851F,8704,2010-03-04 15:55:08,J:\_quarantine_from_I\migrated\FAMILIA\FOTOS\MALAGA 1 COPIADO\VERANEO 2002\Thumbs.db,2025-10-03 12:44:22
2385DDE8B641FB0871F85C9FE19DCB1B15908E4691307194B935E2DCA414851F,8704,2010-03-04 15:55:08,H:\FOTOS FAMILIA\MALAGA 1 COPIADO\VERANEO 2002\Thumbs.db,2025-10-03 12:44:22
CBD2F6783A30BBC908F3676835742B0F77EF7011F75F84859B6EED6DD7969466,8704,2010-03-04 15:59:34,J:\_quarantine_from_I\migrated\FAMILIA\FOTOS\MALAGA 2\ANTO FUTBOL\Thumbs.db,2025-10-03 12:44:22
CBD2F6783A30BBC908F3676835742B0F77EF7011F75F84859B6EED6DD7969466,8704,2010-03-04 15:59:34,H:\FOTOS FAMILIA\MALAGA 2\ANTO FUTBOL\Thumbs.db,2025-10-03 12:44:22
362C2B29C00A410BAA2ED06C8A22E7966AFF420C4613CAC9E43DF90928B31CB2,8704,2010-03-04 15:59:44,J:\_quarantine_from_I\migrated\FAMILIA\FOTOS\MALAGA 2\fotos koki con traje\Thumbs.db,2025-10-03 12:44:22
362C2B29C00A410BAA2ED06C8A22E7966AFF420C4613CAC9E43DF90928B31CB2,8704,2010-03-04 15:59:44,H:\FOTOS FAMILIA\MALAGA 2\fotos koki con traje\Thumbs.db,2025-10-03 12:44:22
076A37B7657323F0BFBC120507619547DF5743371DFD69D057DF683CF15DB5FB,8704,2010-03-04 15:54:10,J:\_quarantine_from_I\migrated\FAMILIA\FOTOS\Nietos\Thumbs.db,2025-10-03 12:44:22
076A37B7657323F0BFBC120507619547DF5743371DFD69D057DF683CF15DB5FB,8704,2010-03-04 15:54:10,H:\FOTOS FAMILIA\Nietos\Thumbs.db,2025-10-03 12:44:22
DDBC9A85D04E4C7703DB6F9F90259F1A23FF4788E701D90F3ACC6D7B7B8393A6,160768,2010-03-04 16:05:14,J:\_quarantine_from_I\migrated\FAMILIA\FOTOS\CASA 2009\NOCHEVIEJA 2008-09\FOTOS\Thumbs.db,2025-10-03 12:44:22
DDBC9A85D04E4C7703DB6F9F90259F1A23FF4788E701D90F3ACC6D7B7B8393A6,160768,2010-03-04 16:05:14,H:\FOTOS FAMILIA\CASA 2009\NOCHEVIEJA 2008-09\FOTOS\Thumbs.db,2025-10-03 12:44:22
3D96A10E96B2C65FFAB04C3CBE85E1B229CF7ED395443325065E7A64EC9F05F1,385536,2010-03-04 16:06:18,J:\_quarantine_from_I\migrated\FAMILIA\FOTOS\CASA 2009\VIAJE A TENERIFE\FOTOS RETOCADAS\Thumbs.db,2025-10-03 12:44:22
3D96A10E96B2C65FFAB04C3CBE85E1B229CF7ED395443325065E7A64EC9F05F1,385536,2010-03-04 16:06:18,H:\FOTOS FAMILIA\CASA 2009\VIAJE A TENERIFE\FOTOS RETOCADAS\Thumbs.db,2025-10-03 12:44:22
ABA6F7FAF171BD975D04781B7E2C260D2C6BBF83228CE764C00F2F0CD48D34C8,980480,2010-03-12 15:32:56,J:\_quarantine_from_I\migrated\FAMILIA\FOTOS\CASA 2010\sandra\Thumbs.db,2025-10-03 12:44:22
ABA6F7FAF171BD975D04781B7E2C260D2C6BBF83228CE764C00F2F0CD48D34C8,980480,2010-03-12 15:32:56,H:\FOTOS FAMILIA\CASA 2010\sandra\Thumbs.db,2025-10-03 12:44:22
1DC0C8D7304C177AD0E74D3D2F1002EB773F4B180685A7DF6BBE75CCC24B0164,1536,2007-11-24 17:32:26,J:\_quarantine_from_I\migrated\FAMILIA\FOTOS\CASA 3\ehthumbs_vista.db,2025-10-03 12:44:22
1DC0C8D7304C177AD0E74D3D2F1002EB773F4B180685A7DF6BBE75CCC24B0164,1536,2007-11-24 17:32:26,H:\FOTOS FAMILIA\CASA 3\ehthumbs_vista.db,2025-10-03 12:44:22
20A60A4460EDF61FECBDA5B72DF9CB2CB75F424B32B9FCE6E5AAD85DF9B8A402,3585536,2007-11-24 17:32:26,J:\_quarantine_from_I\migrated\FAMILIA\FOTOS\CASA 3\COMILLAS ABRIL 2007\ehthumbs_vista.db,2025-10-03 12:44:22
20A60A4460EDF61FECBDA5B72DF9CB2CB75F424B32B9FCE6E5AAD85DF9B8A402,3585536,2007-11-24 17:32:26,H:\FOTOS FAMILIA\CASA 3\COMILLAS ABRIL 2007\ehthumbs_vista.db,2025-10-03 12:44:22
A154965949B46F0892C804AB1E815461D5F95F98B35B945EA4EA8E0E37A9F305,5772,2006-06-11 15:34:46,J:\_quarantine_from_I\migrated\FAMILIA\FOTOS\CASA 3\NIÑOS LORE PISCINA JUNIO 2006\ZbThumbnail.info,2025-10-03 12:44:22
A154965949B46F0892C804AB1E815461D5F95F98B35B945EA4EA8E0E37A9F305,5772,2006-06-11 15:34:46,H:\FOTOS FAMILIA\CASA 3\NIÑOS LORE PISCINA JUNIO 2006\ZbThumbnail.info,2025-10-03 12:44:22
7EA268E48EA24C00D872649744DDF68645BD3A4C6E360E4DE2A5610442CBF747,261625,2006-06-11 15:34:50,J:\_quarantine_from_I\migrated\FAMILIA\FOTOS\CASA 3\NIÑOS PISCINA JUNIO 2006\ZbThumbnail.info,2025-10-03 12:44:22
7EA268E48EA24C00D872649744DDF68645BD3A4C6E360E4DE2A5610442CBF747,261625,2006-06-11 15:34:50,H:\FOTOS FAMILIA\CASA 3\NIÑOS PISCINA JUNIO 2006\ZbThumbnail.info,2025-10-03 12:44:22
3730D4F4DDD8BC644535FA2782AA5CC96D9934C63EC96E1B7E645DA7D9A622B9,324495,2006-09-02 19:18:20,J:\_quarantine_from_I\migrated\FAMILIA\FOTOS\CASA 3\NIÑOS SEPT.2006\ZbThumbnail.info,2025-10-03 12:44:22
3730D4F4DDD8BC644535FA2782AA5CC96D9934C63EC96E1B7E645DA7D9A622B9,324495,2006-09-02 19:18:20,H:\FOTOS FAMILIA\CASA 3\NIÑOS SEPT.2006\ZbThumbnail.info,2025-10-03 12:44:22
2E9416FC2C6C4DBA49CD2001D6B2AD0305CF6E3ABF84BAEA1DD58AC8752D93D4,103812,2006-09-03 18:26:02,J:\_quarantine_from_I\migrated\FAMILIA\FOTOS\CASA 3\SEPT.2006 PISCINA Y FUTBOL\ZbThumbnail.info,2025-10-03 12:44:22
2E9416FC2C6C4DBA49CD2001D6B2AD0305CF6E3ABF84BAEA1DD58AC8752D93D4,103812,2006-09-03 18:26:02,H:\FOTOS FAMILIA\CASA 3\SEPT.2006 PISCINA Y FUTBOL\ZbThumbnail.info,2025-10-03 12:44:22
8922389B2967059F0A4A1AD7529E4D80002514B36ADF5E157CEF3BC8B26BE3FD,3664,2006-02-06 18:38:24,J:\_quarantine_from_I\migrated\FAMILIA\FOTOS\COMILLAS 1 COPIADO\galeria\ZbThumbnail.info,2025-10-03 12:44:22
8922389B2967059F0A4A1AD7529E4D80002514B36ADF5E157CEF3BC8B26BE3FD,3664,2006-02-06 18:38:24,H:\FOTOS FAMILIA\COMILLAS 1 COPIADO\galeria\ZbThumbnail.info,2025-10-03 12:44:22
01829B1EF17C78FD25739D9063CD09926534B9555BA93704A7C47D2DB6CC8B2E,21391,2006-02-04 13:49:04,J:\_quarantine_from_I\migrated\FAMILIA\FOTOS\COMILLAS 1 COPIADO\isabel\febrero 2006\ZbThumbnail.info,2025-10-03 12:44:22
01829B1EF17C78FD25739D9063CD09926534B9555BA93704A7C47D2DB6CC8B2E,21391,2006-02-04 13:49:04,H:\FOTOS FAMILIA\COMILLAS 1 COPIADO\isabel\febrero 2006\ZbThumbnail.info,2025-10-03 12:44:22
17BACDDEB77CAAF966A4A8AE0BD6A72ADF0C46FAEF66FE1203CB56BB88469E1F,25726,2007-03-25 10:42:54,J:\_quarantine_from_I\migrated\FAMILIA\FOTOS\COMILLAS 2\LORE PEQUEÑA\ZbThumbnail.info,2025-10-03 12:44:22
17BACDDEB77CAAF966A4A8AE0BD6A72ADF0C46FAEF66FE1203CB56BB88469E1F,25726,2007-03-25 10:42:54,H:\FOTOS FAMILIA\COMILLAS 2\LORE PEQUEÑA\ZbThumbnail.info,2025-10-03 12:44:22
C22B0688EE1B1E5A68AF06AE44EC9F6B5DE031734C02FBD800ACE850FB547AB1,36352,2011-08-17 14:43:42,J:\_quarantine_from_I\migrated\FAMILIA\FOTOS\comillas 4-04\Thumbs.db,2025-10-03 12:44:22
C22B0688EE1B1E5A68AF06AE44EC9F6B5DE031734C02FBD800ACE850FB547AB1,36352,2011-08-17 14:43:42,H:\FOTOS FAMILIA\comillas 4-04\Thumbs.db,2025-10-03 12:44:22
DB7C09B2B9FD9717FA60B4E76DF702F3C1FF6A48206ED11D0FB8740E0651CD41,32768,2011-08-17 14:43:42,J:\_quarantine_from_I\migrated\FAMILIA\FOTOS\COMILLAS AGOSTO 2007\Thumbs.db,2025-10-03 12:44:22
DB7C09B2B9FD9717FA60B4E76DF702F3C1FF6A48206ED11D0FB8740E0651CD41,32768,2011-08-17 14:43:42,H:\FOTOS FAMILIA\COMILLAS AGOSTO 2007\Thumbs.db,2025-10-03 12:44:22
FBBA23E171FD31FEBA76596FAAAFE61D12B4FEE6DD203A044971ED60CCC82C81,28672,2011-08-17 14:43:42,J:\_quarantine_from_I\migrated\FAMILIA\FOTOS\COMILLAS DICBR.2004\Thumbs.db,2025-10-03 12:44:22
FBBA23E171FD31FEBA76596FAAAFE61D12B4FEE6DD203A044971ED60CCC82C81,28672,2011-08-17 14:43:42,H:\FOTOS FAMILIA\COMILLAS DICBR.2004\Thumbs.db,2025-10-03 12:44:22
70EC9BBCFDE87A9E7D42431D571D7E41ACADB873BFD8EE700DEA294CDF14C5C2,91136,2011-08-18 16:49:34,J:\_quarantine_from_I\migrated\FAMILIA\FOTOS\COSTA RICA\Thumbs.db,2025-10-03 12:44:22
70EC9BBCFDE87A9E7D42431D571D7E41ACADB873BFD8EE700DEA294CDF14C5C2,91136,2011-08-18 16:49:34,H:\FOTOS FAMILIA\COSTA RICA\Thumbs.db,2025-10-03 12:44:22
EFF719E816252C75561B0AEF899C24934981CCB91AFB1DE3B0414E707A55E243,192000,2012-12-20 19:31:52,J:\_quarantine_from_I\migrated\FAMILIA\FOTOS\CRISTINA VIJANDE RETOCADAS\Thumbs.db,2025-10-03 12:44:22
EFF719E816252C75561B0AEF899C24934981CCB91AFB1DE3B0414E707A55E243,192000,2012-12-20 19:31:52,H:\FOTOS FAMILIA\CRISTINA VIJANDE RETOCADAS\Thumbs.db,2025-10-03 12:44:22
645E2EF247CDB8E177A1D689CECAD5982C95093029DEB1A806886247B300169A,43008,2012-12-03 17:29:26,J:\_quarantine_from_I\migrated\FAMILIA\FOTOS\CRISTINA VIJANDE RETOCADAS\CAPEANS\Thumbs.db,2025-10-03 12:44:22
645E2EF247CDB8E177A1D689CECAD5982C95093029DEB1A806886247B300169A,43008,2012-12-03 17:29:26,H:\FOTOS FAMILIA\CRISTINA VIJANDE RETOCADAS\CAPEANS\Thumbs.db,2025-10-03 12:44:22
0C44DD9834B0945F1E735F55245BB25D07570451184FCF7DCE2975B27482C0F7,43008,2011-08-17 14:44:38,J:\_quarantine_from_I\migrated\FAMILIA\FOTOS\niños marzo 2004\Thumbs.db,2025-10-03 12:44:22
0C44DD9834B0945F1E735F55245BB25D07570451184FCF7DCE2975B27482C0F7,43008,2011-08-17 14:44:38,H:\FOTOS FAMILIA\niños marzo 2004\Thumbs.db,2025-10-03 12:44:22
E9A2AA42C06BF48EC39C5B089FC84C86C1CC4ECF3DB845BF6DA37C89F3D15113,22528,2012-12-03 17:30:54,J:\_quarantine_from_I\migrated\FAMILIA\FOTOS\CRISTINA VIJANDE RETOCADAS\VAJILLA QUINTA NOVA\Thumbs.db,2025-10-03 12:44:22
E9A2AA42C06BF48EC39C5B089FC84C86C1CC4ECF3DB845BF6DA37C89F3D15113,22528,2012-12-03 17:30:54,H:\FOTOS FAMILIA\CRISTINA VIJANDE RETOCADAS\VAJILLA QUINTA NOVA\Thumbs.db,2025-10-03 12:44:22
C9981B230346173CEDDFE114C1F3EDD725A35783E43E9D7F4196A9ADF540FF92,22528,2011-08-17 14:45:28,J:\_quarantine_from_I\migrated\FAMILIA\FOTOS\REYES 2003\Thumbs.db,2025-10-03 12:44:22
C9981B230346173CEDDFE114C1F3EDD725A35783E43E9D7F4196A9ADF540FF92,22528,2011-08-17 14:45:28,H:\FOTOS FAMILIA\REYES 2003\Thumbs.db,2025-10-03 12:44:22
D23721E89B851EE80D9F116D62BA45EFFE3F8208F1A108A443D9313CEEC2054E,23552,2012-12-03 17:29:26,J:\_quarantine_from_I\migrated\FAMILIA\FOTOS\CRISTINA VIJANDE RETOCADAS\VAJILLA SUPREME\Thumbs.db,2025-10-03 12:44:22
D23721E89B851EE80D9F116D62BA45EFFE3F8208F1A108A443D9313CEEC2054E,23552,2012-12-03 17:29:26,H:\FOTOS FAMILIA\CRISTINA VIJANDE RETOCADAS\VAJILLA SUPREME\Thumbs.db,2025-10-03 12:44:22
75DB521A42BF4BA83087A245C87E62E3E2E0B2C1B58DF33AC85D92F69D011B97,30720,2011-08-17 14:43:42,J:\_quarantine_from_I\migrated\FAMILIA\FOTOS\CRUCERO 60 2\Thumbs.db,2025-10-03 12:44:22
75DB521A42BF4BA83087A245C87E62E3E2E0B2C1B58DF33AC85D92F69D011B97,30720,2011-08-17 14:43:42,H:\FOTOS FAMILIA\CRUCERO 60 2\Thumbs.db,2025-10-03 12:44:22
6D0256850D45A36B15EABA06162549A7130506CE572A5CB4253E23CAFAF1CCAA,30720,2011-08-17 14:44:40,J:\_quarantine_from_I\migrated\FAMILIA\FOTOS\NOCHEVIEJA 2004-2005 ALICANTE\Thumbs.db,2025-10-03 12:44:22
6D0256850D45A36B15EABA06162549A7130506CE572A5CB4253E23CAFAF1CCAA,30720,2011-08-17 14:44:40,H:\FOTOS FAMILIA\NOCHEVIEJA 2004-2005 ALICANTE\Thumbs.db,2025-10-03 12:44:22
8A50BB6DB2061798E0B6209F046F4B8062298DF8AAB8CADA69DD44925857A246,24576,2011-08-17 14:43:44,J:\_quarantine_from_I\migrated\FAMILIA\FOTOS\CRUCERO NORUEGA\Thumbs.db,2025-10-03 12:44:22
8A50BB6DB2061798E0B6209F046F4B8062298DF8AAB8CADA69DD44925857A246,24576,2011-08-17 14:43:44,H:\FOTOS FAMILIA\CRUCERO NORUEGA\Thumbs.db,2025-10-03 12:44:22
EA81F3D09EA791F7CBB7FF73B994D07B1985E75CF6D1D02D4FE0B0F380AE99E1,25088,2011-08-17 14:43:46,J:\_quarantine_from_I\migrated\FAMILIA\FOTOS\CUMPLE 60 jpg\Thumbs.db,2025-10-03 12:44:22
EA81F3D09EA791F7CBB7FF73B994D07B1985E75CF6D1D02D4FE0B0F380AE99E1,25088,2011-08-17 14:43:46,H:\FOTOS FAMILIA\CUMPLE 60 jpg\Thumbs.db,2025-10-03 12:44:22
4E53FC1211B96BC7A41E79A86B77CA55F80BE3C9BB0ACA3912D31E2280FDD1FC,25088,2011-08-17 14:46:20,J:\_quarantine_from_I\migrated\FAMILIA\FOTOS\VIAJE VENECIA COLI\Thumbs.db,2025-10-03 12:44:22
4E53FC1211B96BC7A41E79A86B77CA55F80BE3C9BB0ACA3912D31E2280FDD1FC,25088,2011-08-17 14:46:20,H:\FOTOS FAMILIA\VIAJE VENECIA COLI\Thumbs.db,2025-10-03 12:44:22
68C7BB41EF9E52B3CED1FC0A8505CB6A5200AF4DEAF727F7EBA2E5FC9E40970F,101376,2013-01-19 11:44:18,H:\FOTOS FAMILIA\CUMPLEAÑOS 2012\Thumbs.db,2025-10-03 12:44:22
68C7BB41EF9E52B3CED1FC0A8505CB6A5200AF4DEAF727F7EBA2E5FC9E40970F,101376,2013-01-19 11:44:18,H:\FOTOS FAMILIA\Nietos\CUMPLEAÑOS 2012\Thumbs.db,2025-10-03 12:44:22
3C7FD25D78E7461B640488558A9629E062F506C2678A86B84D8C71497BA2EE70,16384,2011-08-17 14:44:08,J:\_quarantine_from_I\migrated\FAMILIA\FOTOS\FIN AÑO 2003\Thumbs.db,2025-10-03 12:44:22
3C7FD25D78E7461B640488558A9629E062F506C2678A86B84D8C71497BA2EE70,16384,2011-08-17 14:44:08,H:\FOTOS FAMILIA\FIN AÑO 2003\Thumbs.db,2025-10-03 12:44:22
A74F45B55A376E2D51E4FC6F8B127147F15E6B2697771DBC10F026E6F17FE9D4,44032,2012-05-31 10:53:34,J:\_quarantine_from_I\migrated\FAMILIA\FOTOS\FOTOS 2012\JAIME\Thumbs.db,2025-10-03 12:44:22
A74F45B55A376E2D51E4FC6F8B127147F15E6B2697771DBC10F026E6F17FE9D4,44032,2012-05-31 10:53:34,H:\FOTOS FAMILIA\FOTOS 2012\JAIME\Thumbs.db,2025-10-03 12:44:22
CA677CC744F16388B8E3788FE819E9DA93279B2F16C5CD416BD1144B6C6F9D5C,20992,2012-06-28 10:58:58,J:\_quarantine_from_I\migrated\FAMILIA\FOTOS\FOTOS 2012\montajes\Thumbs.db,2025-10-03 12:44:22
CA677CC744F16388B8E3788FE819E9DA93279B2F16C5CD416BD1144B6C6F9D5C,20992,2012-06-28 10:58:58,H:\FOTOS FAMILIA\FOTOS 2012\montajes\Thumbs.db,2025-10-03 12:44:22
66D4F48F125354373730DA7DD9BAAD3C8C0D361109AD3B3331B7654DB77F76AE,111262,2012-06-28 18:04:58,J:\_quarantine_from_I\migrated\FAMILIA\FOTOS\FOTOS TOLEDO MAYO 2012\ZbThumbnail.info,2025-10-03 12:44:22
66D4F48F125354373730DA7DD9BAAD3C8C0D361109AD3B3331B7654DB77F76AE,111262,2012-06-28 18:04:58,H:\FOTOS FAMILIA\FOTOS TOLEDO MAYO 2012\ZbThumbnail.info,2025-10-03 12:44:22
F8BAD3152597EB9D36F7DA507FF20F0B9CC406E880EABF0ECE9D81C269252984,7244,2012-02-10 15:39:46,J:\_quarantine_from_I\migrated\FAMILIA\FOTOS\fotos vero\IMG_0210.MOV.mta,2025-10-03 12:44:22
F8BAD3152597EB9D36F7DA507FF20F0B9CC406E880EABF0ECE9D81C269252984,7244,2012-02-10 15:39:46,H:\FOTOS FAMILIA\fotos vero\IMG_0210.MOV.mta,2025-10-03 12:44:22
AEC707A92FB105CA1B0A5A5D082D0C24BF86FCADFF03140F68C7BF5F01DD36BD,20890,2012-02-10 15:39:56,J:\_quarantine_from_I\migrated\FAMILIA\FOTOS\fotos vero\IMG_0241.MOV.mta,2025-10-03 12:44:22
AEC707A92FB105CA1B0A5A5D082D0C24BF86FCADFF03140F68C7BF5F01DD36BD,20890,2012-02-10 15:39:56,H:\FOTOS FAMILIA\fotos vero\IMG_0241.MOV.mta,2025-10-03 12:44:22
B387775EDECDC137829EE30E42952D6C62C0AC4707763FC3CDB7F8B0027B134A,1978880,2012-02-10 15:50:42,J:\_quarantine_from_I\migrated\FAMILIA\FOTOS\fotos vero\Thumbs.db,2025-10-03 12:44:22
B387775EDECDC137829EE30E42952D6C62C0AC4707763FC3CDB7F8B0027B134A,1978880,2012-02-10 15:50:42,H:\FOTOS FAMILIA\fotos vero\Thumbs.db,2025-10-03 12:44:22
D72A935D8F4929C3FCBAD1C1D2E23C07F9BDBD06CA2138A0913386F42B8E18EA,26624,2013-02-15 19:02:58,H:\FOTOS FAMILIA\ISABEL FEBRERO 2013\Thumbs.db,2025-10-03 12:44:22
D72A935D8F4929C3FCBAD1C1D2E23C07F9BDBD06CA2138A0913386F42B8E18EA,26624,2013-02-15 19:02:58,H:\FOTOS FAMILIA\NAVIDAD 2010 (fotos originale)\ISABEL FEBRERO 2013\Thumbs.db,2025-10-03 12:44:22
B573CAEDFDA839E9C5DD7FB45DB487D1A1FB3BDB81A2626780FE80C113B8789E,26624,2010-03-04 15:54:30,J:\_quarantine_from_I\migrated\FAMILIA\FOTOS\MALAGA 1 COPIADO\anto\Thumbs.db,2025-10-03 12:44:22
B573CAEDFDA839E9C5DD7FB45DB487D1A1FB3BDB81A2626780FE80C113B8789E,26624,2010-03-04 15:54:30,H:\FOTOS FAMILIA\MALAGA 1 COPIADO\anto\Thumbs.db,2025-10-03 12:44:22
B5E4DD71080A4638F14249D23D642364303AE0584F4213F25E58082E1C4235EC,23040,2011-08-17 14:44:08,J:\_quarantine_from_I\migrated\FAMILIA\FOTOS\JAIME NATACION\Thumbs.db,2025-10-03 12:44:22
B5E4DD71080A4638F14249D23D642364303AE0584F4213F25E58082E1C4235EC,23040,2011-08-17 14:44:08,H:\FOTOS FAMILIA\JAIME NATACION\Thumbs.db,2025-10-03 12:44:22
362328D84D325569B7095850CD3BCF548473557402AD71CE34E90E1B56820E90,31744,2011-08-17 14:44:10,J:\_quarantine_from_I\migrated\FAMILIA\FOTOS\JULIO 2003\Thumbs.db,2025-10-03 12:44:22
362328D84D325569B7095850CD3BCF548473557402AD71CE34E90E1B56820E90,31744,2011-08-17 14:44:10,H:\FOTOS FAMILIA\JULIO 2003\Thumbs.db,2025-10-03 12:44:22
1FC4184B9288DD6D46F5D1D9933DCB8C4AF6E8D1057BC22521C1B4A0DFB27A96,31744,2010-03-04 15:55:36,J:\_quarantine_from_I\migrated\FAMILIA\FOTOS\MALAGA 1 COPIADO\caribe 1\Thumbs.db,2025-10-03 12:44:22
1FC4184B9288DD6D46F5D1D9933DCB8C4AF6E8D1057BC22521C1B4A0DFB27A96,31744,2010-03-04 15:55:36,H:\FOTOS FAMILIA\MALAGA 1 COPIADO\caribe 1\Thumbs.db,2025-10-03 12:44:22
E9CAF9432574C633A0138322BB55CB7B7B76A10D8E5521078D5E3D92FA5F50DE,31744,2011-08-17 14:44:40,J:\_quarantine_from_I\migrated\FAMILIA\FOTOS\NOCHEBUENA Y NAVIDAD 2002\Thumbs.db,2025-10-03 12:44:22
E9CAF9432574C633A0138322BB55CB7B7B76A10D8E5521078D5E3D92FA5F50DE,31744,2011-08-17 14:44:40,H:\FOTOS FAMILIA\NOCHEBUENA Y NAVIDAD 2002\Thumbs.db,2025-10-03 12:44:22
E3B0C44298FC1C149AFBF4C8996FB92427AE41E4649B934CA495991B7852B855,0,2010-03-04 15:52:42,J:\_quarantine_from_I\migrated\FAMILIA\FOTOS\LOCAL B.SOTO\Thumbs.db,2025-10-03 12:44:22
E3B0C44298FC1C149AFBF4C8996FB92427AE41E4649B934CA495991B7852B855,0,2010-03-04 15:52:42,H:\FOTOS FAMILIA\LOCAL B.SOTO\Thumbs.db,2025-10-03 12:44:22
EF4071C7276B496A3D33B82E61F1583AE837F4F63548027E412B42C2134239C3,22016,2010-03-04 15:59:18,J:\_quarantine_from_I\migrated\FAMILIA\FOTOS\MALAGA 1 COPIADO\Thumbs.db,2025-10-03 12:44:22
EF4071C7276B496A3D33B82E61F1583AE837F4F63548027E412B42C2134239C3,22016,2010-03-04 15:59:18,H:\FOTOS FAMILIA\MALAGA 1 COPIADO\Thumbs.db,2025-10-03 12:44:22
118D7962418B93D5A69DBAFE7B20D8BA64913FF531548D90AA105341140317CC,2424,2006-05-21 18:25:24,J:\_quarantine_from_I\migrated\FAMILIA\FOTOS\MALAGA 1 COPIADO\ZbThumbnail.info,2025-10-03 12:44:22
118D7962418B93D5A69DBAFE7B20D8BA64913FF531548D90AA105341140317CC,2424,2006-05-21 18:25:24,H:\FOTOS FAMILIA\MALAGA 1 COPIADO\ZbThumbnail.info,2025-10-03 12:44:22
C29594F3F6B9B5C62AE00A5DE4AC9AF61A74552E7D10A62270C0C6902C95D9A1,59392,2010-03-04 15:54:20,J:\_quarantine_from_I\migrated\FAMILIA\FOTOS\MALAGA 1 COPIADO\AIRBUS\Thumbs.db,2025-10-03 12:44:22
C29594F3F6B9B5C62AE00A5DE4AC9AF61A74552E7D10A62270C0C6902C95D9A1,59392,2010-03-04 15:54:20,H:\FOTOS FAMILIA\MALAGA 1 COPIADO\AIRBUS\Thumbs.db,2025-10-03 12:44:22
2FFD89F381EA347F66B8F375243BE797DA890DCACA1FE5E91989BEDF13FE182E,86528,2010-03-04 15:54:46,J:\_quarantine_from_I\migrated\FAMILIA\FOTOS\MALAGA 1 COPIADO\buenosaires\Thumbs.db,2025-10-03 12:44:22
2FFD89F381EA347F66B8F375243BE797DA890DCACA1FE5E91989BEDF13FE182E,86528,2010-03-04 15:54:46,H:\FOTOS FAMILIA\MALAGA 1 COPIADO\buenosaires\Thumbs.db,2025-10-03 12:44:22
345B0D46A00E365CBA5C59C5B4A1ADA742C4397C4610E01A5B538C87D3B60C69,552960,2010-03-04 15:55:28,J:\_quarantine_from_I\migrated\FAMILIA\FOTOS\MALAGA 1 COPIADO\CARIBE\Thumbs.db,2025-10-03 12:44:22
345B0D46A00E365CBA5C59C5B4A1ADA742C4397C4610E01A5B538C87D3B60C69,552960,2010-03-04 15:55:28,H:\FOTOS FAMILIA\MALAGA 1 COPIADO\CARIBE\Thumbs.db,2025-10-03 12:44:22
8D038A7DCE142B7FEC9494F3A84E0993A721D4C356074FF4A3C60F16E6F4D6B6,104960,2010-03-04 15:55:12,J:\_quarantine_from_I\migrated\FAMILIA\FOTOS\MALAGA 1 COPIADO\caza\Thumbs.db,2025-10-03 12:44:22
8D038A7DCE142B7FEC9494F3A84E0993A721D4C356074FF4A3C60F16E6F4D6B6,104960,2010-03-04 15:55:12,H:\FOTOS FAMILIA\MALAGA 1 COPIADO\caza\Thumbs.db,2025-10-03 12:44:22
493CBE7B1A8044164B3620E6A38099529D239F23C3F045DB670672FC52400244,187904,2010-03-04 15:55:42,J:\_quarantine_from_I\migrated\FAMILIA\FOTOS\MALAGA 1 COPIADO\CENA COMANDANTE CASA\Thumbs.db,2025-10-03 12:44:22
493CBE7B1A8044164B3620E6A38099529D239F23C3F045DB670672FC52400244,187904,2010-03-04 15:55:42,H:\FOTOS FAMILIA\MALAGA 1 COPIADO\CENA COMANDANTE CASA\Thumbs.db,2025-10-03 12:44:22
671140307949552093C30D5373390F051D28545D0AE9245871D0626D412175A6,68096,2010-03-04 15:56:20,J:\_quarantine_from_I\migrated\FAMILIA\FOTOS\MALAGA 1 COPIADO\COLE MANE\Thumbs.db,2025-10-03 12:44:22
671140307949552093C30D5373390F051D28545D0AE9245871D0626D412175A6,68096,2010-03-04 15:56:20,H:\FOTOS FAMILIA\MALAGA 1 COPIADO\COLE MANE\Thumbs.db,2025-10-03 12:44:22
46686475F48D4A9CEA633D8C78D814DB365F249FD9905E7D26A7489BDCDBEA18,617984,2010-03-04 15:56:40,J:\_quarantine_from_I\migrated\FAMILIA\FOTOS\MALAGA 1 COPIADO\COSTA RICA 1\Thumbs.db,2025-10-03 12:44:22
46686475F48D4A9CEA633D8C78D814DB365F249FD9905E7D26A7489BDCDBEA18,617984,2010-03-04 15:56:40,H:\FOTOS FAMILIA\MALAGA 1 COPIADO\COSTA RICA 1\Thumbs.db,2025-10-03 12:44:22
3DEDF760797919DA975237770FEE7875E492F7F24F379652FB44F7722DC13466,41472,2010-03-04 15:57:04,J:\_quarantine_from_I\migrated\FAMILIA\FOTOS\MALAGA 1 COPIADO\CUMPLE ANTO\Thumbs.db,2025-10-03 12:44:22
3DEDF760797919DA975237770FEE7875E492F7F24F379652FB44F7722DC13466,41472,2010-03-04 15:57:04,H:\FOTOS FAMILIA\MALAGA 1 COPIADO\CUMPLE ANTO\Thumbs.db,2025-10-03 12:44:22
D5117FCAE4980FDACCAE3FA96FAE4A22C621423DE4E5240D99CD541CD10F81FD,74676,2006-05-21 18:25:50,J:\_quarantine_from_I\migrated\FAMILIA\FOTOS\MALAGA 1 COPIADO\cumple anto 10 años\ZbThumbnail.info,2025-10-03 12:44:22
D5117FCAE4980FDACCAE3FA96FAE4A22C621423DE4E5240D99CD541CD10F81FD,74676,2006-05-21 18:25:50,H:\FOTOS FAMILIA\MALAGA 1 COPIADO\cumple anto 10 años\ZbThumbnail.info,2025-10-03 12:44:22
82C162DC4FEF3F99757C4688A858E1464551947DEC94A0E6E82B4A8E3557C9D4,57856,2010-03-04 15:57:08,J:\_quarantine_from_I\migrated\FAMILIA\FOTOS\MALAGA 1 COPIADO\CUMPLEAÑOS SANDRA\Thumbs.db,2025-10-03 12:44:22
82C162DC4FEF3F99757C4688A858E1464551947DEC94A0E6E82B4A8E3557C9D4,57856,2010-03-04 15:57:08,H:\FOTOS FAMILIA\MALAGA 1 COPIADO\CUMPLEAÑOS SANDRA\Thumbs.db,2025-10-03 12:44:22
6A4C7289733E9A60D1F4E6299B4E7F358528B87E9F2F89ECA86577AA25A411AA,125440,2010-03-04 15:57:14,J:\_quarantine_from_I\migrated\FAMILIA\FOTOS\MALAGA 1 COPIADO\dia madre\Thumbs.db,2025-10-03 12:44:22
6A4C7289733E9A60D1F4E6299B4E7F358528B87E9F2F89ECA86577AA25A411AA,125440,2010-03-04 15:57:14,H:\FOTOS FAMILIA\MALAGA 1 COPIADO\dia madre\Thumbs.db,2025-10-03 12:44:22
E5476411D8AECA0E27675CE2D38EF6D8CCCD420396676DBD30E1FB15249E0DC8,320512,2008-01-12 10:19:26,J:\_quarantine_from_I\migrated\FAMILIA\FOTOS\MALAGA 1 COPIADO\OTOÑO 2004\ehthumbs_vista.db,2025-10-03 12:44:22
E5476411D8AECA0E27675CE2D38EF6D8CCCD420396676DBD30E1FB15249E0DC8,320512,2008-01-12 10:19:26,H:\FOTOS FAMILIA\MALAGA 1 COPIADO\OTOÑO 2004\ehthumbs_vista.db,2025-10-03 12:44:22
D5836521F16D61C52005176E89042C3C942606FBF23829CAC1FF51BDDBE6C6D5,35840,2010-03-04 15:59:04,J:\_quarantine_from_I\migrated\FAMILIA\FOTOS\MALAGA 1 COPIADO\PADRES IÑAKI\Thumbs.db,2025-10-03 12:44:22
D5836521F16D61C52005176E89042C3C942606FBF23829CAC1FF51BDDBE6C6D5,35840,2010-03-04 15:59:04,H:\FOTOS FAMILIA\MALAGA 1 COPIADO\PADRES IÑAKI\Thumbs.db,2025-10-03 12:44:22
09F1916BAC9026436BD2B3C8BA682A9A21BCD2ECA5116B93DFCBE31877404924,35840,2011-08-17 14:46:18,J:\_quarantine_from_I\migrated\FAMILIA\FOTOS\VIAJE VENECIA\Thumbs.db,2025-10-03 12:44:22
09F1916BAC9026436BD2B3C8BA682A9A21BCD2ECA5116B93DFCBE31877404924,35840,2011-08-17 14:46:18,H:\FOTOS FAMILIA\VIAJE VENECIA\Thumbs.db,2025-10-03 12:44:22
B764242EC2384EB65E1FD078C0AD8BCE40E4713931523974656B8E6828E3561C,49152,2010-03-04 15:57:46,J:\_quarantine_from_I\migrated\FAMILIA\FOTOS\MALAGA 1 COPIADO\PUNTA CANA\Thumbs.db,2025-10-03 12:44:22
B764242EC2384EB65E1FD078C0AD8BCE40E4713931523974656B8E6828E3561C,49152,2010-03-04 15:57:46,H:\FOTOS FAMILIA\MALAGA 1 COPIADO\PUNTA CANA\Thumbs.db,2025-10-03 12:44:22
EB8621E0EA5AADB72DCB67A0994A0C3D484DEFA56E8CD3590E2D258D8A879105,275968,2010-03-04 15:58:30,J:\_quarantine_from_I\migrated\FAMILIA\FOTOS\MALAGA 1 COPIADO\VERANO 2003\Thumbs.db,2025-10-03 12:44:22
EB8621E0EA5AADB72DCB67A0994A0C3D484DEFA56E8CD3590E2D258D8A879105,275968,2010-03-04 15:58:30,H:\FOTOS FAMILIA\MALAGA 1 COPIADO\VERANO 2003\Thumbs.db,2025-10-03 12:44:22
1A1ABF433629F3BDAB959595CF0B4A7E87684936B4540ABEA861B03178CD4510,37888,2010-03-09 13:50:20,J:\_quarantine_from_I\migrated\FAMILIA\FOTOS\MALAGA 2\Thumbs.db,2025-10-03 12:44:22
1A1ABF433629F3BDAB959595CF0B4A7E87684936B4540ABEA861B03178CD4510,37888,2010-03-09 13:50:20,H:\FOTOS FAMILIA\MALAGA 2\Thumbs.db,2025-10-03 12:44:22
D2E504AFE2257673E522621ABCA52638935504548FC7DF7053F7F368684981FB,37888,2011-08-17 14:46:18,J:\_quarantine_from_I\migrated\FAMILIA\FOTOS\VERANO 2002\Thumbs.db,2025-10-03 12:44:22
D2E504AFE2257673E522621ABCA52638935504548FC7DF7053F7F368684981FB,37888,2011-08-17 14:46:18,H:\FOTOS FAMILIA\VERANO 2002\Thumbs.db,2025-10-03 12:44:22
E54F3C8139117274CF3A59B32ED2021EC27B848667126A57A9743BF0207723BD,9728,2010-03-04 15:59:36,J:\_quarantine_from_I\migrated\FAMILIA\FOTOS\MALAGA 2\BOLSOS\Thumbs.db,2025-10-03 12:44:22
E54F3C8139117274CF3A59B32ED2021EC27B848667126A57A9743BF0207723BD,9728,2010-03-04 15:59:36,H:\FOTOS FAMILIA\MALAGA 2\BOLSOS\Thumbs.db,2025-10-03 12:44:22
9A77DC8457367261B216A2D3CADB32608D08615E1E2A25AAB35017E8E57BF4DA,63488,2010-03-04 15:59:40,J:\_quarantine_from_I\migrated\FAMILIA\FOTOS\MALAGA 2\cumple iñaki 2006-junio\Thumbs.db,2025-10-03 12:44:22
9A77DC8457367261B216A2D3CADB32608D08615E1E2A25AAB35017E8E57BF4DA,63488,2010-03-04 15:59:40,H:\FOTOS FAMILIA\MALAGA 2\cumple iñaki 2006-junio\Thumbs.db,2025-10-03 12:44:22
A75453A0642A93DBCDF0229BFC7B5D1BC3C3E83A0D9863272F449542315EAC44,108544,2010-03-04 16:00:00,J:\_quarantine_from_I\migrated\FAMILIA\FOTOS\MALAGA 2\FOTOS ADEREZO 5-1-10\Thumbs.db,2025-10-03 12:44:22
A75453A0642A93DBCDF0229BFC7B5D1BC3C3E83A0D9863272F449542315EAC44,108544,2010-03-04 16:00:00,H:\FOTOS FAMILIA\MALAGA 2\FOTOS ADEREZO 5-1-10\Thumbs.db,2025-10-03 12:44:22
07939342098B4F3FCB91E47E6D20045B52246101F57ED4842944233ABACB6104,282624,2010-03-04 16:01:36,J:\_quarantine_from_I\migrated\FAMILIA\FOTOS\MALAGA 2\IÑAKI CARIBE 2008\Thumbs.db,2025-10-03 12:44:22
07939342098B4F3FCB91E47E6D20045B52246101F57ED4842944233ABACB6104,282624,2010-03-04 16:01:36,H:\FOTOS FAMILIA\MALAGA 2\IÑAKI CARIBE 2008\Thumbs.db,2025-10-03 12:44:22
9F830750C510DB9B4E2ED1D3ACF5E2318B5641F7D817E57B17C10685914487BE,207360,2010-03-04 16:02:02,J:\_quarantine_from_I\migrated\FAMILIA\FOTOS\MALAGA 2\iñaki cumple 40\Thumbs.db,2025-10-03 12:44:22
9F830750C510DB9B4E2ED1D3ACF5E2318B5641F7D817E57B17C10685914487BE,207360,2010-03-04 16:02:02,H:\FOTOS FAMILIA\MALAGA 2\iñaki cumple 40\Thumbs.db,2025-10-03 12:44:22
E0BF627B3DAA08CEF1EE0780E493750EEE824A96B5D0B96624EE35325208C800,83456,2010-03-04 16:03:44,J:\_quarantine_from_I\migrated\FAMILIA\FOTOS\MALAGA 2\koki junio 2006\Thumbs.db,2025-10-03 12:44:22
E0BF627B3DAA08CEF1EE0780E493750EEE824A96B5D0B96624EE35325208C800,83456,2010-03-04 16:03:44,H:\FOTOS FAMILIA\MALAGA 2\koki junio 2006\Thumbs.db,2025-10-03 12:44:22
27C5E4A0E9AC3FF360E549000123A277D03BFEDE1D608A6C0254651527C25356,878592,2010-03-06 13:27:12,J:\_quarantine_from_I\migrated\FAMILIA\FOTOS\MALAGA 2\sandra\Thumbs.db,2025-10-03 12:44:22
27C5E4A0E9AC3FF360E549000123A277D03BFEDE1D608A6C0254651527C25356,878592,2010-03-06 13:27:12,H:\FOTOS FAMILIA\MALAGA 2\sandra\Thumbs.db,2025-10-03 12:44:22
4663F80EF78444199886F4D977F2619D764B6C7226E06FFDE5655B4CD5D05EA4,217600,2010-03-04 16:00:56,J:\_quarantine_from_I\migrated\FAMILIA\FOTOS\MALAGA 2\VIAJE A BERLIN\Thumbs.db,2025-10-03 12:44:22
4663F80EF78444199886F4D977F2619D764B6C7226E06FFDE5655B4CD5D05EA4,217600,2010-03-04 16:00:56,H:\FOTOS FAMILIA\MALAGA 2\VIAJE A BERLIN\Thumbs.db,2025-10-03 12:44:22
504B32B4FF6CAA17C74DC579F3A6FF801A64F6AE6F3ED6DD2F59BBB7403E6BF0,110592,2010-03-04 16:02:56,J:\_quarantine_from_I\migrated\FAMILIA\FOTOS\MALAGA 2\VIAJE DUSELDDORF MANE Y SANDRA 31-08-06\Thumbs.db,2025-10-03 12:44:22
504B32B4FF6CAA17C74DC579F3A6FF801A64F6AE6F3ED6DD2F59BBB7403E6BF0,110592,2010-03-04 16:02:56,H:\FOTOS FAMILIA\MALAGA 2\VIAJE DUSELDDORF MANE Y SANDRA 31-08-06\Thumbs.db,2025-10-03 12:44:22
BF739BBAD7242C384715DEC0B5AB868E90A0A1B2F7CD4C0FE779A2B1A9B9EA09,37376,2011-08-17 14:44:20,J:\_quarantine_from_I\migrated\FAMILIA\FOTOS\MILANO\Thumbs.db,2025-10-03 12:44:22
BF739BBAD7242C384715DEC0B5AB868E90A0A1B2F7CD4C0FE779A2B1A9B9EA09,37376,2011-08-17 14:44:20,H:\FOTOS FAMILIA\MILANO\Thumbs.db,2025-10-03 12:44:22
AE6585D5E0D31596FAA2AEBEF314048759CA6EEE881D4336F1B27C6C08C9A0A7,58368,2011-08-17 14:44:22,J:\_quarantine_from_I\migrated\FAMILIA\FOTOS\moscu\Thumbs.db,2025-10-03 12:44:22
AE6585D5E0D31596FAA2AEBEF314048759CA6EEE881D4336F1B27C6C08C9A0A7,58368,2011-08-17 14:44:22,H:\FOTOS FAMILIA\moscu\Thumbs.db,2025-10-03 12:44:22
FB1C5C34ABD693B2D901CA57264F6BBD0F2BD828DDCD47630F463A1E99ED1E45,798208,2007-11-23 23:50:50,J:\_quarantine_from_I\migrated\FAMILIA\FOTOS\Nietos\ehthumbs_vista.db,2025-10-03 12:44:22
FB1C5C34ABD693B2D901CA57264F6BBD0F2BD828DDCD47630F463A1E99ED1E45,798208,2007-11-23 23:50:50,H:\FOTOS FAMILIA\Nietos\ehthumbs_vista.db,2025-10-03 12:44:22
A8C8C09FFE916C5AE8BB9C0E1F0CC8AB61069480A9F75854012E6306548352C1,45056,2011-08-17 14:44:48,J:\_quarantine_from_I\migrated\FAMILIA\FOTOS\NOCHEBUENA Y NAVIDAD 2003\Thumbs.db,2025-10-03 12:44:22
A8C8C09FFE916C5AE8BB9C0E1F0CC8AB61069480A9F75854012E6306548352C1,45056,2011-08-17 14:44:48,H:\FOTOS FAMILIA\NOCHEBUENA Y NAVIDAD 2003\Thumbs.db,2025-10-03 12:44:22
CD7DF2AFD7EF4ED67E04A344D3D0C9CF2EF3CFA147AF34CD9D19EFE888C35485,45568,2011-08-17 14:44:54,J:\_quarantine_from_I\migrated\FAMILIA\FOTOS\NOCHEBUENA Y NAVIDAD 2004\Thumbs.db,2025-10-03 12:44:22
CD7DF2AFD7EF4ED67E04A344D3D0C9CF2EF3CFA147AF34CD9D19EFE888C35485,45568,2011-08-17 14:44:54,H:\FOTOS FAMILIA\NOCHEBUENA Y NAVIDAD 2004\Thumbs.db,2025-10-03 12:44:22
8AAA0AF443CAE9A9E878352D4715C91FC3066AEA4333D99E95DBE1901CBD9B02,409600,2010-12-28 17:31:30,J:\_quarantine_from_I\migrated\FAMILIA\FOTOS\NOCHEBUENA Y NAVIDAD 2010\Thumbs.db,2025-10-03 12:44:22
8AAA0AF443CAE9A9E878352D4715C91FC3066AEA4333D99E95DBE1901CBD9B02,409600,2010-12-28 17:31:30,H:\FOTOS FAMILIA\NOCHEBUENA Y NAVIDAD 2010\Thumbs.db,2025-10-03 12:44:22
995548A05B958192F1DFFDAC6363B1C5B0E44FFDC0BE4A0B949CDF01A55789C9,274432,2011-01-03 15:41:50,J:\_quarantine_from_I\migrated\FAMILIA\FOTOS\NOCHEBUENA Y NAVIDAD 2010\FOTOS\Thumbs.db,2025-10-03 12:44:22
995548A05B958192F1DFFDAC6363B1C5B0E44FFDC0BE4A0B949CDF01A55789C9,274432,2011-01-03 15:41:50,H:\FOTOS FAMILIA\NOCHEBUENA Y NAVIDAD 2010\FOTOS\Thumbs.db,2025-10-03 12:44:22
E038BEC883F59C3C9EFD8065B896FD001B67B886BC3532C8D6AAF2F6CB4F9882,162304,2011-01-04 12:35:10,J:\_quarantine_from_I\migrated\FAMILIA\FOTOS\NOCHEVIEJA 2010-2011\Thumbs.db,2025-10-03 12:44:22
E038BEC883F59C3C9EFD8065B896FD001B67B886BC3532C8D6AAF2F6CB4F9882,162304,2011-01-04 12:35:10,H:\FOTOS FAMILIA\NOCHEVIEJA 2010-2011\Thumbs.db,2025-10-03 12:44:22
F3801397FCDBC814C0BA6E20ADF52FAC9D1F58AA63FA893BC15ECB0CF3A394FD,527872,2011-01-03 17:21:12,J:\_quarantine_from_I\migrated\FAMILIA\FOTOS\NOCHEVIEJA 2010-2011\FOTOS\Thumbs.db,2025-10-03 12:44:22
F3801397FCDBC814C0BA6E20ADF52FAC9D1F58AA63FA893BC15ECB0CF3A394FD,527872,2011-01-03 17:21:12,H:\FOTOS FAMILIA\NOCHEVIEJA 2010-2011\FOTOS\Thumbs.db,2025-10-03 12:44:22
1B8E2DCC955CF342A3A8380553AE7903468F926509A3632C13C586BFBAE72CE8,466944,2011-01-03 15:38:36,J:\_quarantine_from_I\migrated\FAMILIA\FOTOS\NOCHEVIEJA 2010-2011\FOTOS ORIGINALES\Thumbs.db,2025-10-03 12:44:22
1B8E2DCC955CF342A3A8380553AE7903468F926509A3632C13C586BFBAE72CE8,466944,2011-01-03 15:38:36,H:\FOTOS FAMILIA\NOCHEVIEJA 2010-2011\FOTOS ORIGINALES\Thumbs.db,2025-10-03 12:44:22
18FDCAC58290375CB627DB94B7D6B0146DD9B06C89284D913943F546A2E9B509,13824,2011-08-17 14:38:54,J:\_quarantine_from_I\migrated\FAMILIA\FOTOS\obra lunamar\2010-09-29 PLANTA ALTA\Thumbs.db,2025-10-03 12:44:22
18FDCAC58290375CB627DB94B7D6B0146DD9B06C89284D913943F546A2E9B509,13824,2011-08-17 14:38:54,H:\FOTOS FAMILIA\obra lunamar\2010-09-29 PLANTA ALTA\Thumbs.db,2025-10-03 12:44:22
D6E73D78D5EABE1A3DB69B3D36FE991EA503EB71BF9FEFC6AA6E752C0423FFE0,11264,2011-08-17 14:38:54,J:\_quarantine_from_I\migrated\FAMILIA\FOTOS\obra lunamar\2010-09-29 PLANTA BAJA\Thumbs.db,2025-10-03 12:44:22
D6E73D78D5EABE1A3DB69B3D36FE991EA503EB71BF9FEFC6AA6E752C0423FFE0,11264,2011-08-17 14:38:54,H:\FOTOS FAMILIA\obra lunamar\2010-09-29 PLANTA BAJA\Thumbs.db,2025-10-03 12:44:22
51B3B1E0CA77460CD75A5B1ECB1119CAE5901389682C3D2191B766F407891AED,41984,2011-08-17 14:38:54,J:\_quarantine_from_I\migrated\FAMILIA\FOTOS\obra lunamar\2010-10-22\Thumbs.db,2025-10-03 12:44:22
51B3B1E0CA77460CD75A5B1ECB1119CAE5901389682C3D2191B766F407891AED,41984,2011-08-17 14:38:54,H:\FOTOS FAMILIA\obra lunamar\2010-10-22\Thumbs.db,2025-10-03 12:44:22
9888B24655210CE13DB120619045D5B1940B8D7AEEF6A96D7B482B18C48124CC,34304,2011-08-17 14:38:54,J:\_quarantine_from_I\migrated\FAMILIA\FOTOS\obra lunamar\2010-11-02\Thumbs.db,2025-10-03 12:44:22
9888B24655210CE13DB120619045D5B1940B8D7AEEF6A96D7B482B18C48124CC,34304,2011-08-17 14:38:54,H:\FOTOS FAMILIA\obra lunamar\2010-11-02\Thumbs.db,2025-10-03 12:44:22
E3B8053D35959B67F3348AFB0A4AE981C1C36788C95923447C881CF1B9022373,32256,2011-08-17 14:45:26,J:\_quarantine_from_I\migrated\FAMILIA\FOTOS\PLAYA 2003\Thumbs.db,2025-10-03 12:44:22
E3B8053D35959B67F3348AFB0A4AE981C1C36788C95923447C881CF1B9022373,32256,2011-08-17 14:45:26,H:\FOTOS FAMILIA\PLAYA 2003\Thumbs.db,2025-10-03 12:44:22
95FF149333800FC1E5DD1B344D01934AD8B2DA459639B819F62D481ED7AD7612,32256,2011-08-17 14:46:20,J:\_quarantine_from_I\migrated\FAMILIA\FOTOS\valdemoro 2004\Thumbs.db,2025-10-03 12:44:22
95FF149333800FC1E5DD1B344D01934AD8B2DA459639B819F62D481ED7AD7612,32256,2011-08-17 14:46:20,H:\FOTOS FAMILIA\valdemoro 2004\Thumbs.db,2025-10-03 12:44:22
CAC2DBDA848E58D814373D3AF772648ED090CA2AED9C778147288D2786B32C8C,29184,2011-08-17 14:45:28,J:\_quarantine_from_I\migrated\FAMILIA\FOTOS\Portugal\Thumbs.db,2025-10-03 12:44:22
CAC2DBDA848E58D814373D3AF772648ED090CA2AED9C778147288D2786B32C8C,29184,2011-08-17 14:45:28,H:\FOTOS FAMILIA\Portugal\Thumbs.db,2025-10-03 12:44:22
EAE8DDED2F756DFF9EAE6C9099C52BDA678F243256A01EAA6E97A4A523760CDA,21504,2011-08-17 14:45:28,J:\_quarantine_from_I\migrated\FAMILIA\FOTOS\REYES 2005\Thumbs.db,2025-10-03 12:44:22
EAE8DDED2F756DFF9EAE6C9099C52BDA678F243256A01EAA6E97A4A523760CDA,21504,2011-08-17 14:45:28,H:\FOTOS FAMILIA\REYES 2005\Thumbs.db,2025-10-03 12:44:22
380D1D9524FE9E47ED75C646DDDB5DF876A83E38F46E80758C482524081BADE4,248320,2011-01-07 13:57:06,J:\_quarantine_from_I\migrated\FAMILIA\FOTOS\REYES 2011\Thumbs.db,2025-10-03 12:44:22
380D1D9524FE9E47ED75C646DDDB5DF876A83E38F46E80758C482524081BADE4,248320,2011-01-07 13:57:06,H:\FOTOS FAMILIA\REYES 2011\Thumbs.db,2025-10-03 12:44:22
A94D4E306D2CA9A86C3295E31FE5E9B5B5B2E07CC3F04C3A8E9B260B16B41FAA,48640,2011-08-17 14:45:32,J:\_quarantine_from_I\migrated\FAMILIA\FOTOS\SAN SEBASTIAN MARZO 2005\Thumbs.db,2025-10-03 12:44:22
A94D4E306D2CA9A86C3295E31FE5E9B5B5B2E07CC3F04C3A8E9B260B16B41FAA,48640,2011-08-17 14:45:32,H:\FOTOS FAMILIA\SAN SEBASTIAN MARZO 2005\Thumbs.db,2025-10-03 12:44:22
39051BE14817A83781CA951E40A6DAD08978637A81EB585A3B21E671755FB7DA,40960,2011-08-17 14:45:48,J:\_quarantine_from_I\migrated\FAMILIA\FOTOS\sanatorio jaime y san antonio 2004\Thumbs.db,2025-10-03 12:44:22
39051BE14817A83781CA951E40A6DAD08978637A81EB585A3B21E671755FB7DA,40960,2011-08-17 14:45:48,H:\FOTOS FAMILIA\sanatorio jaime y san antonio 2004\Thumbs.db,2025-10-03 12:44:22
197543B8C2C51554577A45B0EE5ABB49DFA0BD91879BD6FEDE324AF314F953FF,2566392,2012-05-08 16:38:22,J:\_quarantine_from_I\migrated\FAMILIA\FOTOS\TANZANIA\FOTOS\ZbThumbnail.info,2025-10-03 12:44:22
197543B8C2C51554577A45B0EE5ABB49DFA0BD91879BD6FEDE324AF314F953FF,2566392,2012-05-08 16:38:22,H:\FOTOS FAMILIA\TANZANIA\FOTOS\ZbThumbnail.info,2025-10-03 12:44:22
AA2486795B4A7EB40F54C49E9FB2904840CC8CBFDF158CF042A6B86093F55A70,29696,2011-08-19 12:52:28,J:\_quarantine_from_I\migrated\FAMILIA\FOTOS\VERANO 2011\Thumbs.db,2025-10-03 12:44:22
AA2486795B4A7EB40F54C49E9FB2904840CC8CBFDF158CF042A6B86093F55A70,29696,2011-08-19 12:52:28,H:\FOTOS FAMILIA\VERANO 2011\Thumbs.db,2025-10-03 12:44:22
