"Hash","Bytes","SourcePath","DestPath","LastWrite"
"3C61788E08D3C7B7F987AE0086C1765A26E4F2018EB52F0B6CAF65D5F00B68F0","36","I:\Movies\.thumbnails\.database_uuid","I:\\duplicados\Movies\.thumbnails\.database_uuid","2025-09-24 17:52:49"
"3C61788E08D3C7B7F987AE0086C1765A26E4F2018EB52F0B6CAF65D5F00B68F0","36","I:\Music\.thumbnails\.database_uuid","I:\\duplicados\Music\.thumbnails\.database_uuid","2025-09-24 17:52:49"
"E3B0C44298FC1C149AFBF4C8996FB92427AE41E4649B934CA495991B7852B855","0","I:\Music\.thumbnails\.nomedia","I:\\duplicados\Music\.thumbnails\.nomedia","2025-09-24 17:53:01"
"3C61788E08D3C7B7F987AE0086C1765A26E4F2018EB52F0B6CAF65D5F00B68F0","36","I:\Pictures\.thumbnails\.database_uuid","I:\\duplicados\Pictures\.thumbnails\.database_uuid","2025-09-24 17:52:49"
"7FCA3EE2031F93D2B1062FB38B7656702C317D8200A534B899B93ACAEACFEE1E","1461510144","I:\VIDEOS CIENCIA Y TECNOLOGIA\AVIONES GIGANTESCOS (TITANES MECANICOS).m2ts","I:\\duplicados\VIDEOS CIENCIA Y TECNOLOGIA\AVIONES GIGANTESCOS (TITANES MECANICOS).m2ts","2014-02-02 13:13:26"
"EC74F77CE1E93A6AE3F5CECA014913D339D5FD79FEB7A997C6951078340D84A3","1448933376","I:\VIDEOS CIENCIA Y TECNOLOGIA\BIOLOGIA (DESCUBRIENDO EL MAÑANA CON STEPHEN HAWKING).m2ts","I:\\duplicados\VIDEOS CIENCIA Y TECNOLOGIA\BIOLOGIA (DESCUBRIENDO EL MAÑANA CON STEPHEN HAWKING).m2ts","2014-02-18 20:48:48"
"F98CF662950360BDF744C99BD0A0442DDD5E0939B898841DCC6F2EDEEE74B455","2350596096","I:\VIDEOS CIENCIA Y TECNOLOGIA\BMW i8 (YOU TUBE).m2ts","I:\\duplicados\VIDEOS CIENCIA Y TECNOLOGIA\BMW i8 (YOU TUBE).m2ts","2014-09-16 16:35:09"
"F5DB593C06FB12A2C7E7DE8F343223C0325612C2C8C4BA12D9BEDAA36B1EF4AE","1497464832","I:\VIDEOS CIENCIA Y TECNOLOGIA\BUSCADORES DE ASTEROIDES.m2ts","I:\\duplicados\VIDEOS CIENCIA Y TECNOLOGIA\BUSCADORES DE ASTEROIDES.m2ts","2013-08-17 09:46:05"
"427B5BF4D7EA4951E3B64BEB1515B29055E70C7AA9D8C808F264AE30ED9F6FE9","1540835328","I:\VIDEOS CIENCIA Y TECNOLOGIA\BUSCANDO A DIOS (EL UNIVERSO T.6).m2ts","I:\\duplicados\VIDEOS CIENCIA Y TECNOLOGIA\BUSCANDO A DIOS (EL UNIVERSO T.6).m2ts","2012-12-03 21:00:42"
"D189C85D5B59908F743A9D179DBC57371D9D17B07980AB9DD9B19AB4B8E3A4E8","1511823360","I:\VIDEOS CIENCIA Y TECNOLOGIA\CALIXTO (PIONEROS DEL ESPACIO).m2ts","I:\\duplicados\VIDEOS CIENCIA Y TECNOLOGIA\CALIXTO (PIONEROS DEL ESPACIO).m2ts","2012-08-19 20:08:50"
"CF50658669A37C20F6D1156BCBD0B6A14D954FAD6129EB992B0ED91A690202C4","1171814400","I:\VIDEOS CIENCIA Y TECNOLOGIA\CARREIRA EN INTERECONOMIA (EVOLUCION).m2ts","I:\\duplicados\VIDEOS CIENCIA Y TECNOLOGIA\CARREIRA EN INTERECONOMIA (EVOLUCION).m2ts","2012-12-17 20:28:46"
"47594E32E353DF0D779FD0FD6056CDBE0FD4C7E76ECF092269AE72627C5BA19C","1526249472","I:\VIDEOS CIENCIA Y TECNOLOGIA\CATASTROFES QUE CAMBIARON LOS PLANETAS (EL UNIVERSO T.6).m2ts","I:\\duplicados\VIDEOS CIENCIA Y TECNOLOGIA\CATASTROFES QUE CAMBIARON LOS PLANETAS (EL UNIVERSO T.6).m2ts","2012-11-27 19:33:15"
"37EA69C7C887593CC31448BC52C226D5053258573A0A0BCF62A0E2291BD3E4A6","1754376192","I:\VIDEOS CIENCIA Y TECNOLOGIA\CIUDAD NANOTECNOLOGICA (NANOREVOLUCION).m2ts","I:\\duplicados\VIDEOS CIENCIA Y TECNOLOGIA\CIUDAD NANOTECNOLOGICA (NANOREVOLUCION).m2ts","2013-02-26 12:41:53"
"2C82753C3A8143EA7903434FABB5C8981D482D6CB3FDFC80D46607E3C09C7A2E","1482842112","I:\VIDEOS CIENCIA Y TECNOLOGIA\COCHES (Y EL MUNDO CAMBIO).m2ts","I:\\duplicados\VIDEOS CIENCIA Y TECNOLOGIA\COCHES (Y EL MUNDO CAMBIO).m2ts","2012-12-19 19:11:34"
"70A2F12BB357F3F8739A01C9BC5BB18E9C954DA3390D32822BF32B32680CB589","4576770048","I:\VIDEOS CIENCIA Y TECNOLOGIA\CODIGO ROJO (EL FUTURO POR STEPHEN HAWKING).m2ts","I:\\duplicados\VIDEOS CIENCIA Y TECNOLOGIA\CODIGO ROJO (EL FUTURO POR STEPHEN HAWKING).m2ts","2014-04-27 20:36:31"
"21210BCE54BC66B92EA5E63BBA1E2CF9E0630D192CA5DC28BB2423F043AF262F","1654468608","I:\VIDEOS CIENCIA Y TECNOLOGIA\COMIDA FUEGO Y AGUA (LA TIERRA PLANETA EN CONSTRUCCION).m2ts","I:\\duplicados\VIDEOS CIENCIA Y TECNOLOGIA\COMIDA FUEGO Y AGUA (LA TIERRA PLANETA EN CONSTRUCCION).m2ts","2013-04-01 15:45:40"
"9B8F20820E0757329A5A34C4DBC0CF65A86B4608D266D3DAE863292AA621EB49","1533124608","I:\VIDEOS CIENCIA Y TECNOLOGIA\COMO FABRICAR UN CORAZON (LA NOCHE TEMATICA).m2ts","I:\\duplicados\VIDEOS CIENCIA Y TECNOLOGIA\COMO FABRICAR UN CORAZON (LA NOCHE TEMATICA).m2ts","2013-02-17 19:13:51"
"E5A1C0D6F502E780EA82E79270B61D67B43F14A217C6EDCD6CDB016FE4C46C48","1471254528","I:\VIDEOS CIENCIA Y TECNOLOGIA\COMO FUNCIONA EL UNIVERSO (SECRETOS DEL UNIVERSO).m2ts","I:\\duplicados\VIDEOS CIENCIA Y TECNOLOGIA\COMO FUNCIONA EL UNIVERSO (SECRETOS DEL UNIVERSO).m2ts","2012-12-15 19:14:40"
"AE2032429BABB3B270A50BC5159FDFB835DEC672BA3F0C5DAFE2892900FC36EA","1656041472","I:\VIDEOS CIENCIA Y TECNOLOGIA\COMO NOS MOVEMOS (LA TIERRA PLANETA EN CONSTRUCCION).m2ts","I:\\duplicados\VIDEOS CIENCIA Y TECNOLOGIA\COMO NOS MOVEMOS (LA TIERRA PLANETA EN CONSTRUCCION).m2ts","2013-03-25 10:51:17"
"4DE0264E8EB6857758837DCC4D63AC04C4A42586A3BC0A71B260AD75450CDCB6","1466296320","I:\VIDEOS CIENCIA Y TECNOLOGIA\COMO PIENSAN LOS EXTRATERRESTRES (SECRETOS DEL UNIVERSO).m2ts","I:\\duplicados\VIDEOS CIENCIA Y TECNOLOGIA\COMO PIENSAN LOS EXTRATERRESTRES (SECRETOS DEL UNIVERSO).m2ts","2014-02-25 17:55:22"
"61AD5F1D44AF5930097D5D9EB3A57690BD3A28233C6FB2D7BC0AAFEDA9642804","510763008","I:\VIDEOS CIENCIA Y TECNOLOGIA\COMO SE CONECTAN LAS NEURONAS.m2ts","I:\\duplicados\VIDEOS CIENCIA Y TECNOLOGIA\COMO SE CONECTAN LAS NEURONAS.m2ts","2013-06-17 08:36:29"
"AAE7CF516454C0A82FF4827152E057DA92830DAA7C5DF0EA7C3030505EFFBC3A","1473724416","I:\VIDEOS CIENCIA Y TECNOLOGIA\COMO SE FORMO EL SISTEMA SOLAR (EL UNIVERSO T.6).m2ts","I:\\duplicados\VIDEOS CIENCIA Y TECNOLOGIA\COMO SE FORMO EL SISTEMA SOLAR (EL UNIVERSO T.6).m2ts","2012-11-29 15:07:28"
"F5BE04D36340B85A79E6D43CA512AF9DC40848F32F0183DD9DFFB1B21D67DF87","1461374976","I:\VIDEOS CIENCIA Y TECNOLOGIA\COMO SER UN SUPERHUMANO (BIENVENIDO AL FUTURO).m2ts","I:\\duplicados\VIDEOS CIENCIA Y TECNOLOGIA\COMO SER UN SUPERHUMANO (BIENVENIDO AL FUTURO).m2ts","2014-02-25 20:52:07"
"7D321F39FE33AF07E6A69BAE83273D009F8D963F1A0B8EF4D6FFB747C169F70B","1495455744","I:\VIDEOS CIENCIA Y TECNOLOGIA\COMO SON LOS ALIENIGENAS (SECRETOS DEL UNIVERSO).m2ts","I:\\duplicados\VIDEOS CIENCIA Y TECNOLOGIA\COMO SON LOS ALIENIGENAS (SECRETOS DEL UNIVERSO).m2ts","2013-01-11 14:40:27"
"001A25A4BC022B4598E2512CAF8FEBF504F6B28063C7E69D37D8DDD5F1B8059B","1482762240","I:\VIDEOS CIENCIA Y TECNOLOGIA\CREO DIOS EL UNIVERSO (EL UNIVERSO SEGUN STEPHEN HAWKING).m2ts","I:\\duplicados\VIDEOS CIENCIA Y TECNOLOGIA\CREO DIOS EL UNIVERSO (EL UNIVERSO SEGUN STEPHEN HAWKING).m2ts","2013-01-11 14:33:16"
"FE91313C1CD683F563C50790D13352E1E47F848B2F695AD58572950C971560DD","1452589056","I:\VIDEOS CIENCIA Y TECNOLOGIA\CREO DIOS LA EVOLUCION (SECRETOS DEL UNIVERSO).m2ts","I:\\duplicados\VIDEOS CIENCIA Y TECNOLOGIA\CREO DIOS LA EVOLUCION (SECRETOS DEL UNIVERSO).m2ts","2014-04-23 09:19:37"
"ECBDEF4C45B057C48413AF5E96714781069A4A0C1FF5446AC934F5391D1EAFEF","1352503296","I:\VIDEOS CIENCIA Y TECNOLOGIA\CUANDO EMPEZO EL TIEMPO (SECRETOS DEL UNIVERSO).m2ts","I:\\duplicados\VIDEOS CIENCIA Y TECNOLOGIA\CUANDO EMPEZO EL TIEMPO (SECRETOS DEL UNIVERSO).m2ts","2014-11-24 09:12:22"
"771A5F3CD892CAEAF39184B09EAE5EC291EB281A3E10094547A4290F05FE9841","1462732800","I:\VIDEOS CIENCIA Y TECNOLOGIA\CUANDO EMPEZO LA VIDA (SECRETOS DEL UNIVERSO).m2ts","I:\\duplicados\VIDEOS CIENCIA Y TECNOLOGIA\CUANDO EMPEZO LA VIDA (SECRETOS DEL UNIVERSO).m2ts","2014-03-24 14:06:49"
"63C5E6609E74C10EAB0B7C07DA2AD3EC952D8C17E05D84AC210AB956D45BF4B4","1906735104","I:\VIDEOS CIENCIA Y TECNOLOGIA\CUANDO MANIPULEMOS LA EVOLUCION REDES.m2ts","I:\\duplicados\VIDEOS CIENCIA Y TECNOLOGIA\CUANDO MANIPULEMOS LA EVOLUCION REDES.m2ts","2012-04-10 13:41:55"
"779584436F5B9F27EF8DF4B1A3547D382BDF2726437E5CB0772F4087A9D87B00","4565348352","I:\VIDEOS CIENCIA Y TECNOLOGIA\CUANDO YA NO ESTE (CARLOS LOPEZ OTIN).m2ts","I:\\duplicados\VIDEOS CIENCIA Y TECNOLOGIA\CUANDO YA NO ESTE (CARLOS LOPEZ OTIN).m2ts","2016-05-16 08:19:09"
"3F6AA0EEE9B59FB1039D84371A768A398EAD417995C511DFF9A9E3CC634DC6DC","4566540288","I:\VIDEOS CIENCIA Y TECNOLOGIA\CUANDO YA NO ESTE (JOSE LUIS CORDEIRO).m2ts","I:\\duplicados\VIDEOS CIENCIA Y TECNOLOGIA\CUANDO YA NO ESTE (JOSE LUIS CORDEIRO).m2ts","2016-03-27 13:34:59"
"464F437C3D19480C2E914C20E6A6BFB40F5AA0BAEE4C26A2F5D9A832D3609A48","2218131456","I:\VIDEOS CIENCIA Y TECNOLOGIA\CUANDO YA NO ESTE (JUAN IGNACIO CIRAC).m2ts","I:\\duplicados\VIDEOS CIENCIA Y TECNOLOGIA\CUANDO YA NO ESTE (JUAN IGNACIO CIRAC).m2ts","2016-03-30 16:58:00"
"5CB398AAC67D4EAAD2FF6C8E4DE0126CE9FB546059BA0EDA548209F2EF1716F8","2223771648","I:\VIDEOS CIENCIA Y TECNOLOGIA\CUESTION DE ESCALA (MUNDOS INVISIBLES).m2ts","I:\\duplicados\VIDEOS CIENCIA Y TECNOLOGIA\CUESTION DE ESCALA (MUNDOS INVISIBLES).m2ts","2012-04-08 14:50:20"
"4108C10C369D725C012AE04877DC97176D968A43B556079AC808782E0925ABFC","1415583744","I:\VIDEOS CIENCIA Y TECNOLOGIA\CYBORG (REDES).m2ts","I:\\duplicados\VIDEOS CIENCIA Y TECNOLOGIA\CYBORG (REDES).m2ts","2013-01-19 13:23:28"
"CE31125510B851290625EB61976E9789F0F984F8C51C3DCEB9C39FB34F11D95A","3045322752","I:\VIDEOS CIENCIA Y TECNOLOGIA\DE QUE ESTAMOS HECHOS (2).m2ts","I:\\duplicados\VIDEOS CIENCIA Y TECNOLOGIA\DE QUE ESTAMOS HECHOS (2).m2ts","2011-10-02 18:40:41"
"781B36931D026962A003F4A16A73EC487B5ED017722BFFF440BB2EED2B520471","1564563456","I:\VIDEOS CIENCIA Y TECNOLOGIA\DESAFIO EN EL ESPACIO.m2ts","I:\\duplicados\VIDEOS CIENCIA Y TECNOLOGIA\DESAFIO EN EL ESPACIO.m2ts","2013-07-19 17:50:31"
"93BCEB89D9A52E5A2182233988838AD9869F37A1CE7AC953628B13D782D5DCBD","1754880000","I:\VIDEOS CIENCIA Y TECNOLOGIA\DESAFIOS DE LA CIENCIA (NOVA).m2ts","I:\\duplicados\VIDEOS CIENCIA Y TECNOLOGIA\DESAFIOS DE LA CIENCIA (NOVA).m2ts","2013-05-31 10:59:02"
"59D69D145B9E1E5654E5A0DAE701318EE629F12B42F6AA009B98C5B66788401D","1491689472","I:\VIDEOS CIENCIA Y TECNOLOGIA\DESCIFRANDO EL TIEMPO (SCI-TREK).m2ts","I:\\duplicados\VIDEOS CIENCIA Y TECNOLOGIA\DESCIFRANDO EL TIEMPO (SCI-TREK).m2ts","2013-05-11 10:40:27"
"F892576EB6F9FFD5187E173665F66F5E7E5706BDD37D1952AA6503F3204AE296","1811441664","I:\VIDEOS CIENCIA Y TECNOLOGIA\DESCIFRAR NUESTRO CODIGO GENETICO (LA NOCHE TEMATICA).m2ts","I:\\duplicados\VIDEOS CIENCIA Y TECNOLOGIA\DESCIFRAR NUESTRO CODIGO GENETICO (LA NOCHE TEMATICA).m2ts","2014-09-29 13:32:50"
"4AD917429454757428FF0F5FBA718CD414C98D8857B10ECF62432ACEED6C5648","4456513536","I:\VIDEOS CIENCIA Y TECNOLOGIA\DESCODIFICAR EL CEREBRO (BREAKTHROUGH).m2ts","I:\\duplicados\VIDEOS CIENCIA Y TECNOLOGIA\DESCODIFICAR EL CEREBRO (BREAKTHROUGH).m2ts","2016-05-18 08:35:17"
"6F61ACF7484079C69338238DC9859E70AB105ACC3628CAB02CD0D8EBB1F4DB9B","1453608960","I:\VIDEOS CIENCIA Y TECNOLOGIA\DUBAI CIUDAD DEL DESIERTO (DESMONTANDO LA CIUDAD.m2ts","I:\\duplicados\VIDEOS CIENCIA Y TECNOLOGIA\DUBAI CIUDAD DEL DESIERTO (DESMONTANDO LA CIUDAD.m2ts","2013-06-13 19:55:18"
"EDDA74608826DD8DD81B4C98435B6693F2CB4E16C3050A578EA7DB12AE03AF53","1520418816","I:\VIDEOS CIENCIA Y TECNOLOGIA\DUBAI LA CIUDAD IMPOSIBLE.m2ts","I:\\duplicados\VIDEOS CIENCIA Y TECNOLOGIA\DUBAI LA CIUDAD IMPOSIBLE.m2ts","2012-12-05 15:00:38"
"BABF6E38F84061835D8EB353E52935ACB7B16958D57F0238F3B574DF1F103D08","1535662080","I:\VIDEOS CIENCIA Y TECNOLOGIA\ECLIPSE TOTAL EL UNIVERSO T.4).m2ts","I:\\duplicados\VIDEOS CIENCIA Y TECNOLOGIA\ECLIPSE TOTAL EL UNIVERSO T.4).m2ts","2012-08-20 23:09:21"
"EAE3094B60D1F10494A2CCE304A669ED0D6402F62064C633DF83520DD2A5F15B","1454118912","I:\VIDEOS CIENCIA Y TECNOLOGIA\ECLIPSE TOTAL EN LA ISLA DE PASCUA.m2ts","I:\\duplicados\VIDEOS CIENCIA Y TECNOLOGIA\ECLIPSE TOTAL EN LA ISLA DE PASCUA.m2ts","2013-06-25 18:56:15"
"06135BA06315213C1824F5028CDF76D540F7E2307C5F2C7C49FAB7C18DC0A7D3","1405943808","I:\VIDEOS CIENCIA Y TECNOLOGIA\EDAD DE HIELO O FUEGO INFERNAL (COMO FUNCIONA LA TIERRA).m2ts","I:\\duplicados\VIDEOS CIENCIA Y TECNOLOGIA\EDAD DE HIELO O FUEGO INFERNAL (COMO FUNCIONA LA TIERRA).m2ts","2014-06-12 19:37:15"
"3E3EB995559E9A7195C58C95D3365CCBEFA2007EA2340B6777BBF88A3891BA60","1490165760","I:\VIDEOS CIENCIA Y TECNOLOGIA\EL ALUNIZAJE DEL AGUILA (GRANDES MISIONES DE LA NASA).m2ts","I:\\duplicados\VIDEOS CIENCIA Y TECNOLOGIA\EL ALUNIZAJE DEL AGUILA (GRANDES MISIONES DE LA NASA).m2ts","2013-03-09 13:25:25"
"A4288E5757B31B4D24E37FC00EF32329793CDDC1CE96384F1451805B6525B70B","1488168960","I:\VIDEOS CIENCIA Y TECNOLOGIA\EL BIG BANG (LA HISTORIA DEL UNIVERSO).m2ts","I:\\duplicados\VIDEOS CIENCIA Y TECNOLOGIA\EL BIG BANG (LA HISTORIA DEL UNIVERSO).m2ts","2012-11-16 14:04:33"
"3653332C6DB7A8043DA053451725443688DA28D0EFF1766479C7208142A8F6CB","4094951424","I:\VIDEOS CIENCIA Y TECNOLOGIA\EL BUQUE CISTERNA (LAS CONEXIONES DE LA INGENIERIA).m2ts","I:\\duplicados\VIDEOS CIENCIA Y TECNOLOGIA\EL BUQUE CISTERNA (LAS CONEXIONES DE LA INGENIERIA).m2ts","2012-09-05 17:00:02"
"E66809C4E5F196D92E220C15828753AD857ABFC811914028A6F307C33F0B0F62","1575131136","I:\VIDEOS CIENCIA Y TECNOLOGIA\EL CANTO DE LAS ESTRELLAS (DEL BIG BANG A LA VIDA CAPITULO 1).m2ts","I:\\duplicados\VIDEOS CIENCIA Y TECNOLOGIA\EL CANTO DE LAS ESTRELLAS (DEL BIG BANG A LA VIDA CAPITULO 1).m2ts","2013-05-10 21:39:17"
"7D17ECD8B533F88D61D3092D78347551AB756C86ABDD3C7CA03AEED95777C8C7","7552106496","I:\VIDEOS CIENCIA Y TECNOLOGIA\EL EDIFICIO MAS ALTO DEL MUNFO BURJ DUBAI (GRANDE MAS GRANDE).m2ts","I:\\duplicados\VIDEOS CIENCIA Y TECNOLOGIA\EL EDIFICIO MAS ALTO DEL MUNFO BURJ DUBAI (GRANDE MAS GRANDE).m2ts","2012-04-07 16:44:40"
"FED628E1BC0B5A89D859E7D4B793BED7DEBC89598999B0B9A722C541D28B50FA","1742757888","I:\VIDEOS CIENCIA Y TECNOLOGIA\EL ESTRES DEL ESTRES (REDES).m2ts","I:\\duplicados\VIDEOS CIENCIA Y TECNOLOGIA\EL ESTRES DEL ESTRES (REDES).m2ts","2013-01-19 12:35:06"
"4F791C7E5CD202BCF369831D9E9A5FB2426D1D7D33C8BCB0609797BF5ADFC4A2","1424455680","I:\VIDEOS CIENCIA Y TECNOLOGIA\EL FIN DEL UNIVERSO (LA HISTORIA DEL UNIVERSO).m2ts","I:\\duplicados\VIDEOS CIENCIA Y TECNOLOGIA\EL FIN DEL UNIVERSO (LA HISTORIA DEL UNIVERSO).m2ts","2015-01-22 19:42:14"
"F1C1C8B3F47ECB1F8F9E264CBF0BB659AC0A634EE34C283785DA57855B214A0D","1441308672","I:\VIDEOS CIENCIA Y TECNOLOGIA\EL FUTURO DE LA EVOLUCION HUMANA SON LOS ROBOTS (SECRETOS DEL UNIVERSO) .m2ts","I:\\duplicados\VIDEOS CIENCIA Y TECNOLOGIA\EL FUTURO DE LA EVOLUCION HUMANA SON LOS ROBOTS (SECRETOS DEL UNIVERSO) .m2ts","2014-03-13 14:22:08"
"EEEFA506D2B9E9E75B63621A029498E7FB3D149EB2CA3AD4F5FB45CC67A74057","1541836800","I:\VIDEOS CIENCIA Y TECNOLOGIA\EL FUTURO OSCURO DEL SOL (EL UNIVERSO CANAL HISTORIA).m2ts","I:\\duplicados\VIDEOS CIENCIA Y TECNOLOGIA\EL FUTURO OSCURO DEL SOL (EL UNIVERSO CANAL HISTORIA).m2ts","2012-08-20 22:26:16"
"27F4EF634AD57865EFBEE55B7F6CDD46B815C11D3F1327FDC9258AD1BC613F64","1422047232","I:\VIDEOS CIENCIA Y TECNOLOGIA\EL GRAN TELESCOPIO (EL TELESCOPIO DISCOVERY CHANNEL).m2ts","I:\\duplicados\VIDEOS CIENCIA Y TECNOLOGIA\EL GRAN TELESCOPIO (EL TELESCOPIO DISCOVERY CHANNEL).m2ts","2014-10-05 20:07:21"
"10F8861CB52E071CAB029C17BEF64EAA9616C600B030CD89260CE43F7A46483B","3098148864","I:\VIDEOS CIENCIA Y TECNOLOGIA\EL HOMBRE BIONICO (LA ERA DE LOS ROBOTS).m2ts","I:\\duplicados\VIDEOS CIENCIA Y TECNOLOGIA\EL HOMBRE BIONICO (LA ERA DE LOS ROBOTS).m2ts","2016-05-18 22:54:03"
"7FB8835B17192F7283BD771EC7D1A5AA2911EF5637555642DEBACAEE2B6B5139","1078192128","I:\VIDEOS CIENCIA Y TECNOLOGIA\EL HOMBRE CYBORG (TV2).m2ts","I:\\duplicados\VIDEOS CIENCIA Y TECNOLOGIA\EL HOMBRE CYBORG (TV2).m2ts","2013-01-20 12:42:21"
"14061116F4894E54232F2804B3D4CFD97BAD898D74BC96B9F1719D448513CEAD","1787602944","I:\VIDEOS CIENCIA Y TECNOLOGIA\EL HOMBRE MEJORADO (NANOTECNOLOGIAS).m2ts","I:\\duplicados\VIDEOS CIENCIA Y TECNOLOGIA\EL HOMBRE MEJORADO (NANOTECNOLOGIAS).m2ts","2014-09-22 19:12:18"
"6308439E64348E5C36DBEE6F6EA69746DF94FA327615936265228508E8545F78","4589555712","I:\VIDEOS CIENCIA Y TECNOLOGIA\EL IMPACTO DE UN ASTEROIDE (NATIONAL GEOGRAPHIC HD).m2ts","I:\\duplicados\VIDEOS CIENCIA Y TECNOLOGIA\EL IMPACTO DE UN ASTEROIDE (NATIONAL GEOGRAPHIC HD).m2ts","2012-09-02 18:16:21"
"B1809964A6A6262E0D3D69ADF174A46C650C146445DE0C1AEFC740626D977F32","3008280576","I:\VIDEOS CIENCIA Y TECNOLOGIA\EL INTERIOR DEL PLANETA TIERRA (DISCOVERY CHANNEL).m2ts","I:\\duplicados\VIDEOS CIENCIA Y TECNOLOGIA\EL INTERIOR DEL PLANETA TIERRA (DISCOVERY CHANNEL).m2ts","2013-01-02 21:19:40"
"485133747EF0B69B8190477962F07241A5C04EC75DAB07A8921DE92DC5C7EB4F","3893975232","I:\VIDEOS CIENCIA Y TECNOLOGIA\EL MAS FRIO (MATERIALES DE ULTIMA GENERACION T.2).mp4","I:\\duplicados\VIDEOS CIENCIA Y TECNOLOGIA\EL MAS FRIO (MATERIALES DE ULTIMA GENERACION T.2).mp4","2014-03-22 11:56:36"
"C157DDEE898F5C9CEDE03136684822A4BAA47B40297D57FD1BA2D86D1A05229D","1781286912","I:\VIDEOS CIENCIA Y TECNOLOGIA\EL MAS FUERTE (MATERIALESDE ULTIMA GENERACION).m2ts","I:\\duplicados\VIDEOS CIENCIA Y TECNOLOGIA\EL MAS FUERTE (MATERIALESDE ULTIMA GENERACION).m2ts","2013-06-06 20:39:57"
"9FD6317A017F275128A9865144D485720539ABB4F8FD10C80C3AF138894541C4","1813831680","I:\VIDEOS CIENCIA Y TECNOLOGIA\EL MAS INTELIGENTE (MATERIALES DE ULTIMA GENERACION).m2ts","I:\\duplicados\VIDEOS CIENCIA Y TECNOLOGIA\EL MAS INTELIGENTE (MATERIALES DE ULTIMA GENERACION).m2ts","2013-05-24 19:31:08"
"1CE66174157CDEF33A7BCCB7347268157072E40738C7E10226F05CB468F8845A","1796419584","I:\VIDEOS CIENCIA Y TECNOLOGIA\EL MAS LIMPIO (MATERIALES DE ULTIMA GENERACION).m2ts","I:\\duplicados\VIDEOS CIENCIA Y TECNOLOGIA\EL MAS LIMPIO (MATERIALES DE ULTIMA GENERACION).m2ts","2013-05-19 18:58:19"
"B2FA5AB08272A89DBD65949B29407BA865B45200F29CDBE6A1B27FD94EAE3A15","1809395712","I:\VIDEOS CIENCIA Y TECNOLOGIA\EL MAS PEQUEÑO (MATERIALES DE ULTIMA GENERACION).m2ts","I:\\duplicados\VIDEOS CIENCIA Y TECNOLOGIA\EL MAS PEQUEÑO (MATERIALES DE ULTIMA GENERACION).m2ts","2013-05-13 08:23:46"
"112BA9723BBFA512C395C554ABF47E1C6608B164EDC3428F0BFE6ECB2EC916C3","4582127616","I:\VIDEOS CIENCIA Y TECNOLOGIA\EL MAS RAPIDO (MATERIALES DE ULTIMA GENERACION T.2).m2ts","I:\\duplicados\VIDEOS CIENCIA Y TECNOLOGIA\EL MAS RAPIDO (MATERIALES DE ULTIMA GENERACION T.2).m2ts","2014-03-22 16:38:56"
"3621C834DD641ABDEE203AC23831729F6E360BB387AD89428E21330764E6E2BD","2300036876","I:\VIDEOS CIENCIA Y TECNOLOGIA\EL MAS SALVAJE (MATERIALES DE ULTIMA GENERACION T.2).mp4","I:\\duplicados\VIDEOS CIENCIA Y TECNOLOGIA\EL MAS SALVAJE (MATERIALES DE ULTIMA GENERACION T.2).mp4","2014-03-22 19:44:21"
"BCF173DE94EF0ACA4EFDC393232F8740A68F1C2B86EA79F73AC60FD8E4E82EB7","4593395712","I:\VIDEOS CIENCIA Y TECNOLOGIA\EL MAS SEGURO (MATERIALES DE ULTIMA GENERACION T.2).m2ts","I:\\duplicados\VIDEOS CIENCIA Y TECNOLOGIA\EL MAS SEGURO (MATERIALES DE ULTIMA GENERACION T.2).m2ts","2014-03-28 16:22:35"
"3EAFEC04577974D3845136EAD4868BE37D871AB5D915E558643B4280D4E09486","1664385024","I:\VIDEOS CIENCIA Y TECNOLOGIA\EL MEJOR DE LOS MUNDOS (NANOTECNOLOGIAS).m2ts","I:\\duplicados\VIDEOS CIENCIA Y TECNOLOGIA\EL MEJOR DE LOS MUNDOS (NANOTECNOLOGIAS).m2ts","2014-09-22 19:18:44"
"C9AE194288D638D943812D4BA5B2665C8C8DEA43D9E0294651B8401F01EDFDB6","1700567040","I:\VIDEOS CIENCIA Y TECNOLOGIA\EL METRO DEL FUTURO (EL MUNDO DEL MAÑANA).m2ts","I:\\duplicados\VIDEOS CIENCIA Y TECNOLOGIA\EL METRO DEL FUTURO (EL MUNDO DEL MAÑANA).m2ts","2013-01-11 14:52:24"
"EF74B226B09D519635BD3196C7487AC88A1B6264102C2DDD671BAD2582FC3369","1101895680","I:\VIDEOS CIENCIA Y TECNOLOGIA\EL MISTERIO DE LA MATERIA OSCURA (TV 2).m2ts","I:\\duplicados\VIDEOS CIENCIA Y TECNOLOGIA\EL MISTERIO DE LA MATERIA OSCURA (TV 2).m2ts","2016-03-27 12:57:49"
"A6EB43F4D4FB073433F732C4579810A141E0011F959AF7BB9B4C1349418B47FA","3098210304","I:\VIDEOS CIENCIA Y TECNOLOGIA\EL MISTERIO DE LOS AGUJEROS NEGROS (SECRETOS DEL UNIVERSO).m2ts","I:\\duplicados\VIDEOS CIENCIA Y TECNOLOGIA\EL MISTERIO DE LOS AGUJEROS NEGROS (SECRETOS DEL UNIVERSO).m2ts","2011-09-05 14:12:12"
"2EECD641EED5AFA26534BC7DA1E0BFF72F3B7A3AD88E192CC9DDEFF1DA07F486","1529714688","I:\VIDEOS CIENCIA Y TECNOLOGIA\EL MISTERIO DEL ALZHEIMER (LA NOCHE TEMATICA TV 2).m2ts","I:\\duplicados\VIDEOS CIENCIA Y TECNOLOGIA\EL MISTERIO DEL ALZHEIMER (LA NOCHE TEMATICA TV 2).m2ts","2011-10-01 14:28:58"
"0DBE6AF0E73BA0E84DBFBD83B914D214CC46BAF90E1CD8BEC23DCA8D9EEE940D","4562546688","I:\VIDEOS CIENCIA Y TECNOLOGIA\EL MUNDO VIRTUAL (EL FUTURO POR STEPHEN HAWKING).m2ts","I:\\duplicados\VIDEOS CIENCIA Y TECNOLOGIA\EL MUNDO VIRTUAL (EL FUTURO POR STEPHEN HAWKING).m2ts","2014-04-28 13:24:04"
"09F5AE4073B4566CB33F3272AA0D3C9F8801DB639A09E1B5AAACFB6473F3D971","1451225088","I:\VIDEOS CIENCIA Y TECNOLOGIA\EL NACIMIENTO DE LA HUMANIDAD (CURIOSITY.m2ts","I:\\duplicados\VIDEOS CIENCIA Y TECNOLOGIA\EL NACIMIENTO DE LA HUMANIDAD (CURIOSITY.m2ts","2013-08-12 12:06:36"
"2A5CE913C39D51726627263D23DABB1EE487F195C2C5E9147DF55BB867A5E69C","1449074688","I:\VIDEOS CIENCIA Y TECNOLOGIA\EL NACIMIENTO DEL PLANETA (CATASTROFE).m2ts","I:\\duplicados\VIDEOS CIENCIA Y TECNOLOGIA\EL NACIMIENTO DEL PLANETA (CATASTROFE).m2ts","2013-11-26 09:39:51"
"C9E6B96D184EB540147C804ECBA141A8B768ADEE15FAD51929B8CAEA4E53114A","1032431616","I:\VIDEOS CIENCIA Y TECNOLOGIA\EL NEGRO FUTURO DEL SOL (EL UNIVERSO).m2ts","I:\\duplicados\VIDEOS CIENCIA Y TECNOLOGIA\EL NEGRO FUTURO DEL SOL (EL UNIVERSO).m2ts","2015-06-26 16:32:33"
"4CB7DFAE94609D83B17116E1608A09F2703B15773E05AEAB84CF1E4482682CA3","1790349312","I:\VIDEOS CIENCIA Y TECNOLOGIA\EL NUCLEO.m2ts","I:\\duplicados\VIDEOS CIENCIA Y TECNOLOGIA\EL NUCLEO.m2ts","2013-05-29 09:30:40"
"B317346342AAC281F4FF8A65527BA835A8B2D9BA8C9CA6B14E8661372A4DCD63","1468778496","I:\VIDEOS CIENCIA Y TECNOLOGIA\EL NUEVO BIG BANG.m2ts","I:\\duplicados\VIDEOS CIENCIA Y TECNOLOGIA\EL NUEVO BIG BANG.m2ts","2013-04-27 09:59:27"
"72854B3D045FDBE34FC4D1C31C96416C38087AA4255437463E13045A6F7A4021","1430876160","I:\VIDEOS CIENCIA Y TECNOLOGIA\EL OCIO DEL FUTURO (EL MUNDO DEL MAÑANA).m2ts","I:\\duplicados\VIDEOS CIENCIA Y TECNOLOGIA\EL OCIO DEL FUTURO (EL MUNDO DEL MAÑANA).m2ts","2013-03-03 20:43:14"
"73883D351F11BF93C145D3A223BDEC8DBF6D7211D10D6F85925F8B4D6F9B39BB","584902656","I:\VIDEOS CIENCIA Y TECNOLOGIA\EL ORDENADOR DEL FUTURO.m2ts","I:\\duplicados\VIDEOS CIENCIA Y TECNOLOGIA\EL ORDENADOR DEL FUTURO.m2ts","2013-06-26 09:33:53"
"0EAD58DB10220D907B173A0469E7F606867C052F1C71DD4EF26BA6A75B031577","1462579200","I:\VIDEOS CIENCIA Y TECNOLOGIA\EL ORIGEN DE LA TIERRA (LA HISTORIA DEL UNIVERSO).m2ts","I:\\duplicados\VIDEOS CIENCIA Y TECNOLOGIA\EL ORIGEN DE LA TIERRA (LA HISTORIA DEL UNIVERSO).m2ts","2014-04-21 15:32:32"
"80E716A687335252E3328236FC7C214D571B20C4FB7189231F1E3B8B1D00135A","1473595392","I:\VIDEOS CIENCIA Y TECNOLOGIA\EL ORIGEN DE LA VIDA (LA HISTORIA DEL UNIVERSO).m2ts","I:\\duplicados\VIDEOS CIENCIA Y TECNOLOGIA\EL ORIGEN DE LA VIDA (LA HISTORIA DEL UNIVERSO).m2ts","2014-02-25 17:00:03"
"62998749D79FCF2187265F474C2A910A7D9E2595FAF3D870E06D356548CD70BD","4421517312","I:\VIDEOS CIENCIA Y TECNOLOGIA\EL PORTAVIONES (GRANDE MAS GRANDE).m2ts","I:\\duplicados\VIDEOS CIENCIA Y TECNOLOGIA\EL PORTAVIONES (GRANDE MAS GRANDE).m2ts","2012-09-05 15:35:50"
"4D837BEF418C3B7F507A5D0F112984E74E2427A8E61AE60BC0D7DB2A1C6B6655","1445769216","I:\VIDEOS CIENCIA Y TECNOLOGIA\EL PRIMER SEGUNDO DESPUES DEL BIG BANG (LA HISTORIA DEL UNIVERSO).m2ts","I:\\duplicados\VIDEOS CIENCIA Y TECNOLOGIA\EL PRIMER SEGUNDO DESPUES DEL BIG BANG (LA HISTORIA DEL UNIVERSO).m2ts","2014-12-11 08:35:24"
"22C3865F55D869F0A6C96661F89D2F9D99E0A2662E01785C681BCC6AB0C15BB3","1518987264","I:\VIDEOS CIENCIA Y TECNOLOGIA\EL PRIMER VUELO.m2ts","I:\\duplicados\VIDEOS CIENCIA Y TECNOLOGIA\EL PRIMER VUELO.m2ts","2013-06-05 09:44:26"
"3F49F492821D04D74FDEED9820AFCA84C7C3F714B1E23EC9D217D0B4BA33DD54","1233217536","I:\VIDEOS CIENCIA Y TECNOLOGIA\EL PRODIGIOSO MUNDO DE LAS HORMONAS (TV2).m2ts","I:\\duplicados\VIDEOS CIENCIA Y TECNOLOGIA\EL PRODIGIOSO MUNDO DE LAS HORMONAS (TV2).m2ts","2016-01-12 16:12:53"
"63E314FFB7BF7B827E6A3C1247836D07300ED0768D11B1D77DDCC9ACA63FEE27","4534370304","I:\VIDEOS CIENCIA Y TECNOLOGIA\EL PUERTO DE ROTTERDAM (SUPERESTRUCTURAS).m2ts","I:\\duplicados\VIDEOS CIENCIA Y TECNOLOGIA\EL PUERTO DE ROTTERDAM (SUPERESTRUCTURAS).m2ts","2012-09-04 17:03:16"
"8D2362CA53FF2BF5C6EA31288A3B6A61DF0ADE7947B7FB7CB17AF21AF2762EF7","4201512960","I:\VIDEOS CIENCIA Y TECNOLOGIA\EL RASCACIELOS BURJ AL ARAB (LAS CONEXIONES DE LA INGENIERIA).m2ts","I:\\duplicados\VIDEOS CIENCIA Y TECNOLOGIA\EL RASCACIELOS BURJ AL ARAB (LAS CONEXIONES DE LA INGENIERIA).m2ts","2012-09-05 18:51:34"
"5EE49EBF05D27CDC475E900C94A1526D158D87CA44403E0F500BE2703F635870","4302372864","I:\VIDEOS CIENCIA Y TECNOLOGIA\EL RASCACIELOS MAS ALTO DEL MUNDO (SUPERESTRUCTURAS).m2ts","I:\\duplicados\VIDEOS CIENCIA Y TECNOLOGIA\EL RASCACIELOS MAS ALTO DEL MUNDO (SUPERESTRUCTURAS).m2ts","2012-11-28 16:02:04"
"1EE0C949C5A76BD6AB475D565E46A411CB938E09ADB8CBE39890002E9A1943A8","1471014912","I:\VIDEOS CIENCIA Y TECNOLOGIA\EL SIGNIFICADO DE LA VIDA (EL UNIVERSO SEGUN  STEPHEN HAWKING.m2ts","I:\\duplicados\VIDEOS CIENCIA Y TECNOLOGIA\EL SIGNIFICADO DE LA VIDA (EL UNIVERSO SEGUN  STEPHEN HAWKING.m2ts","2013-01-18 09:41:16"
"3994035B187E82AD291025E36915BBD74EE824D948C80B500F2810C798EA36BB","1462339584","I:\VIDEOS CIENCIA Y TECNOLOGIA\EL SOL (DISCOVERY CHANNEL).m2ts","I:\\duplicados\VIDEOS CIENCIA Y TECNOLOGIA\EL SOL (DISCOVERY CHANNEL).m2ts","2013-01-08 16:01:58"
"E4823F6CEDA6D34A89F2DCE51879A07C8AB307E2642CBBB848A94E608FBDACF2","1801869312","I:\VIDEOS CIENCIA Y TECNOLOGIA\EL SOL EN LA TIERRA (CONSTRUIR EL FUTURO).m2ts","I:\\duplicados\VIDEOS CIENCIA Y TECNOLOGIA\EL SOL EN LA TIERRA (CONSTRUIR EL FUTURO).m2ts","2014-06-28 16:04:51"
"8254CA47EDEF4FEDD7A9AA0D4D330D703E953680C03DB2CEBAAFE9F689559CF1","1460920320","I:\VIDEOS CIENCIA Y TECNOLOGIA\EL SUPERCOCHE DE BUGATTI (MEGAFACTORIAS).m2ts","I:\\duplicados\VIDEOS CIENCIA Y TECNOLOGIA\EL SUPERCOCHE DE BUGATTI (MEGAFACTORIAS).m2ts","2013-08-11 10:03:58"
"76F530B5769CF265E1A0C44168388A2BD7239FE8B69E18B79ADCBA60F53219E6","4577200128","I:\VIDEOS CIENCIA Y TECNOLOGIA\EL TELESCOPIO BINOCULAR DE ARIZONA (GRANDE MAS GRANDE).m2ts","I:\\duplicados\VIDEOS CIENCIA Y TECNOLOGIA\EL TELESCOPIO BINOCULAR DE ARIZONA (GRANDE MAS GRANDE).m2ts","2012-04-09 21:15:01"
"CA46E6A7DC9EE675A01354A981706D44DB19E999CDA68F905AF32D5EBD6D1595","1498613760","I:\VIDEOS CIENCIA Y TECNOLOGIA\EL TRANSBORDADOR ESPACIAL (GRANDES MISIONES DE LA NASA).m2ts","I:\\duplicados\VIDEOS CIENCIA Y TECNOLOGIA\EL TRANSBORDADOR ESPACIAL (GRANDES MISIONES DE LA NASA).m2ts","2013-03-23 13:26:14"
"924140FD0C95CB1DDB331776C36976A22BDB604561101C31CBA98487301661E2","4035379200","I:\VIDEOS CIENCIA Y TECNOLOGIA\EL TREN BALA JAPONES (LAS CONEXIONES DE LA INGENIERIA).m2ts","I:\\duplicados\VIDEOS CIENCIA Y TECNOLOGIA\EL TREN BALA JAPONES (LAS CONEXIONES DE LA INGENIERIA).m2ts","2012-09-06 13:58:24"
"925E407255A76A60D7C05577E692719D4F8B0800309849946AC904B324BDAA8D","4586907648","I:\VIDEOS CIENCIA Y TECNOLOGIA\EL UNIVERSO SECRETO DE LA CELULA.m2ts","I:\\duplicados\VIDEOS CIENCIA Y TECNOLOGIA\EL UNIVERSO SECRETO DE LA CELULA.m2ts","2014-07-12 23:10:51"
"6EF21AE06D2ADA1B9219976FCE8FE4E69F5DB773160331675449F8471B5673FD","4144693248","I:\VIDEOS CIENCIA Y TECNOLOGIA\EN BUSCA DEL TESORO (EL UNIVERSO CONOCIDO).m2ts","I:\\duplicados\VIDEOS CIENCIA Y TECNOLOGIA\EN BUSCA DEL TESORO (EL UNIVERSO CONOCIDO).m2ts","2012-09-03 15:55:38"
"0F897DC4CCB596FA5C6E4CA4870A9623A2EF5E57028AC5A77992E7F40605BB0B","1494951936","I:\VIDEOS CIENCIA Y TECNOLOGIA\EN UN ABRIR Y CERRAR DE OJOS (EL UNIVERSO INVISIBLE).m2ts","I:\\duplicados\VIDEOS CIENCIA Y TECNOLOGIA\EN UN ABRIR Y CERRAR DE OJOS (EL UNIVERSO INVISIBLE).m2ts","2013-09-16 07:42:11"
"537AADFA8BD0A6D678658768BFD9890441F43FF4BE01C443C3A9372B66E5864E","1471623168","I:\VIDEOS CIENCIA Y TECNOLOGIA\ERRANTES HELADOS (LA HISTORIA DEL UNIVERSO).m2ts","I:\\duplicados\VIDEOS CIENCIA Y TECNOLOGIA\ERRANTES HELADOS (LA HISTORIA DEL UNIVERSO).m2ts","2014-04-07 09:35:17"
"87AA828A106C20DB0B35C4976CA2B7B0DA05D6A8A5A5A9DA76AB32357EFA3D12","1465700352","I:\VIDEOS CIENCIA Y TECNOLOGIA\ES LA GRAVEDAD UNA ILUSION (SECRETOS DEL UNIVERSO).m2ts","I:\\duplicados\VIDEOS CIENCIA Y TECNOLOGIA\ES LA GRAVEDAD UNA ILUSION (SECRETOS DEL UNIVERSO).m2ts","2014-11-27 14:34:22"
"861C3E2A4ABB445FF8F827D620A057BC11CF841E7C71D785B9CC0DFE7A8C09AE","1446666240","I:\VIDEOS CIENCIA Y TECNOLOGIA\ES LA REALIDAD REAL (SECRETOS DEL UNIVERSO).m2ts","I:\\duplicados\VIDEOS CIENCIA Y TECNOLOGIA\ES LA REALIDAD REAL (SECRETOS DEL UNIVERSO).m2ts","2014-04-08 16:46:52"
"C852144EE6BBBBF82A35B8F437580530F53BB94BFC4BF7405C7996C875FB0ABB","1481981952","I:\VIDEOS CIENCIA Y TECNOLOGIA\ES POSIBLE VIAJAR A TRAVES DEL TIEMPO (SECRETOS DEL UNIVERSO).m2ts","I:\\duplicados\VIDEOS CIENCIA Y TECNOLOGIA\ES POSIBLE VIAJAR A TRAVES DEL TIEMPO (SECRETOS DEL UNIVERSO).m2ts","2012-11-25 09:28:40"
"E086A959FDD4BE5A3D1B51A1F5358B8B2B50160B4BF41BAE295AE35545FBCEC0","2867755008","I:\VIDEOS CIENCIA Y TECNOLOGIA\ESCAPAR DE LA TIERRA (EL UNIVERSO CONOCIDO).m2ts","I:\\duplicados\VIDEOS CIENCIA Y TECNOLOGIA\ESCAPAR DE LA TIERRA (EL UNIVERSO CONOCIDO).m2ts","2012-09-03 16:05:14"
"22B6CC20394892DE137A3DF02BE767CFC720725F3B3C0F413926D9A703FED568","1395296256","I:\VIDEOS CIENCIA Y TECNOLOGIA\ESTA SATURNO VIVO (LA HISTORIA DEL UNIVERSO).m2ts","I:\\duplicados\VIDEOS CIENCIA Y TECNOLOGIA\ESTA SATURNO VIVO (LA HISTORIA DEL UNIVERSO).m2ts","2014-12-18 14:35:24"
"5F55644DA6E04E6CD4A5BF4F1B5A38EF2A3EA75C78B84AC1A2730EB9231EB032","1461172224","I:\VIDEOS CIENCIA Y TECNOLOGIA\ESTA VIVO EL UNIVERSO (SECRETOS DEL UNIVERSO).m2ts","I:\\duplicados\VIDEOS CIENCIA Y TECNOLOGIA\ESTA VIVO EL UNIVERSO (SECRETOS DEL UNIVERSO).m2ts","2013-04-20 10:25:09"
"1A1C8736D04D434D5F1FB27514B1F39E180BC337DD95B8EF8E114D8D523B9F32","1500850176","I:\VIDEOS CIENCIA Y TECNOLOGIA\ESTAMOS SOLOS (SECRETOS DEL UNIVERSO ).m2ts","I:\\duplicados\VIDEOS CIENCIA Y TECNOLOGIA\ESTAMOS SOLOS (SECRETOS DEL UNIVERSO ).m2ts","2012-09-15 13:21:39"
"86C1CD79FABBFDE973BA09E71635008C324E618455AA68274BC614F3664901FE","1558407168","I:\VIDEOS CIENCIA Y TECNOLOGIA\ESTRELLAS MORIBUNDAS (EL UNIVERSO CANAL HISTORIA).m2ts","I:\\duplicados\VIDEOS CIENCIA Y TECNOLOGIA\ESTRELLAS MORIBUNDAS (EL UNIVERSO CANAL HISTORIA).m2ts","2012-08-20 21:00:18"
"9EB7924B5562EF60E8E21010E202E59A1A503DB7C9828A3F832BA93D85F641EB","4678207488","I:\VIDEOS CIENCIA Y TECNOLOGIA\EVACUAR LA TIERRA (NATIONAL GEOGRAPHIC).m2ts","I:\\duplicados\VIDEOS CIENCIA Y TECNOLOGIA\EVACUAR LA TIERRA (NATIONAL GEOGRAPHIC).m2ts","2012-12-23 09:33:26"
"A8D77485B27177555034EF3A106D65368AD5AF25C755794C9EAC1FE2CBAA986E","4405198848","I:\VIDEOS CIENCIA Y TECNOLOGIA\EVITAR EL FIN DEL MUNDO (CIENCIA AL DESNUDO).m2ts","I:\\duplicados\VIDEOS CIENCIA Y TECNOLOGIA\EVITAR EL FIN DEL MUNDO (CIENCIA AL DESNUDO).m2ts","2012-09-04 20:35:46"
"D383167720DF36424C7BD9956C7331F41BE6FCD815E189CEA3272C63F487411B","1517377536","I:\VIDEOS CIENCIA Y TECNOLOGIA\EXISTE EL SEXTO SENTIDO (SECRETOS DEL UNIVERSO).m2ts","I:\\duplicados\VIDEOS CIENCIA Y TECNOLOGIA\EXISTE EL SEXTO SENTIDO (SECRETOS DEL UNIVERSO).m2ts","2012-03-19 20:19:14"
"BAFC89ACE4C2063AA28B55D71A28589640830B953170413786A7845F71C6E358","494512128","I:\VIDEOS CIENCIA Y TECNOLOGIA\EXISTE LA NADA (REDES).m2ts","I:\\duplicados\VIDEOS CIENCIA Y TECNOLOGIA\EXISTE LA NADA (REDES).m2ts","2012-11-12 14:51:54"
"501F222B13D71BACD99994439164FCC2552CE065863C84C18ACFC3082C730AA1","3023173632","I:\VIDEOS CIENCIA Y TECNOLOGIA\EXISTE REALMENTE EL TIEMPO (SECRETOS DEL UNIVERSO).m2ts","I:\\duplicados\VIDEOS CIENCIA Y TECNOLOGIA\EXISTE REALMENTE EL TIEMPO (SECRETOS DEL UNIVERSO).m2ts","2012-03-06 15:15:10"
"1DFF4D0265F5D0A46C5047F46DB7FBF746171FC20020CA852919059E055E24E0","1462757376","I:\VIDEOS CIENCIA Y TECNOLOGIA\EXISTE UNA PARTICULA DE DIOS (SECRETOS DEL UNIVERSO).m2ts","I:\\duplicados\VIDEOS CIENCIA Y TECNOLOGIA\EXISTE UNA PARTICULA DE DIOS (SECRETOS DEL UNIVERSO).m2ts","2014-04-21 15:35:27"
"5A8BF4CE0F2ABC2EF4A115D7C56F9D8A6D49E8DDBFF7C7E46E7DBFB16B48EBFA","1464434688","I:\VIDEOS CIENCIA Y TECNOLOGIA\EXISTE UNA RAZA SUPERIOR.m2ts","I:\\duplicados\VIDEOS CIENCIA Y TECNOLOGIA\EXISTE UNA RAZA SUPERIOR.m2ts","2013-04-13 20:49:00"
"BDD82223FD0F589F45E3D88DBF262E6C742CF73BE88055380F09C4C415F5A011","2853568512","I:\VIDEOS CIENCIA Y TECNOLOGIA\EXOPLANETAS (CONFINES DEL ESPACIO).m2ts","I:\\duplicados\VIDEOS CIENCIA Y TECNOLOGIA\EXOPLANETAS (CONFINES DEL ESPACIO).m2ts","2016-05-18 20:50:08"
"7D4BD03A752FC94E4DBFD0FA7D8393DF328154540FD33905DCDDD51FBEBBC673","1468704768","I:\VIDEOS CIENCIA Y TECNOLOGIA\EXPEDICION A LA LUNA (TV.2).m2ts","I:\\duplicados\VIDEOS CIENCIA Y TECNOLOGIA\EXPEDICION A LA LUNA (TV.2).m2ts","2013-04-06 13:27:45"
"A8B98EB6ED615C187F9E934A09AF872F29BB27143F8184FB4E4534B2C62BEBB9","1482977280","I:\VIDEOS CIENCIA Y TECNOLOGIA\EXPLOTANDO LA LUNA (SCI-TREK).m2ts","I:\\duplicados\VIDEOS CIENCIA Y TECNOLOGIA\EXPLOTANDO LA LUNA (SCI-TREK).m2ts","2012-12-10 17:15:13"
"605CEEDAD31761ABF27B51C9FD390787E4C8214DB7E30DF0EFB5622E1D507ED3","1434918912","I:\VIDEOS CIENCIA Y TECNOLOGIA\EXTRATERRESTRES ESTAMOS SOLOS (DISCOVERY MAX).m2ts","I:\\duplicados\VIDEOS CIENCIA Y TECNOLOGIA\EXTRATERRESTRES ESTAMOS SOLOS (DISCOVERY MAX).m2ts","2013-09-29 20:26:11"
"C942A96AE762A3438B1ADC76C4338EC5BB40BA9BDE340BDD6630AA78D946D008","114462720","I:\VIDEOS CIENCIA Y TECNOLOGIA\FERRARI CALIFORNIA (CENTIMETROS CUBICOS).m2ts","I:\\duplicados\VIDEOS CIENCIA Y TECNOLOGIA\FERRARI CALIFORNIA (CENTIMETROS CUBICOS).m2ts","2016-03-27 12:48:53"
"B66459DD4884F38FBE6D152E93D99CC6C56685EA6E2E42440E2B378F0C7A9660","428587008","I:\VIDEOS CIENCIA Y TECNOLOGIA\FERRARI ITALIA CABRIO F12 Y NISSAN GTR.m2ts","I:\\duplicados\VIDEOS CIENCIA Y TECNOLOGIA\FERRARI ITALIA CABRIO F12 Y NISSAN GTR.m2ts","2012-08-21 13:17:24"
"373CAD9C659BADF76FE90097F50FBDB7237DEE2E3957569A0FED460080AAC1FB","100005888","I:\VIDEOS CIENCIA Y TECNOLOGIA\FERRARI LAFERRARI (MAS QUE COCHES).m2ts","I:\\duplicados\VIDEOS CIENCIA Y TECNOLOGIA\FERRARI LAFERRARI (MAS QUE COCHES).m2ts","2016-03-27 13:03:35"
"A5E7D98A6A70D9ED360CBB13ED8451217E1821F1359E3CDDB4FF85B77CFFFBD0","120520704","I:\VIDEOS CIENCIA Y TECNOLOGIA\FISKER KARMA (MAS QUE COCHES).m2ts","I:\\duplicados\VIDEOS CIENCIA Y TECNOLOGIA\FISKER KARMA (MAS QUE COCHES).m2ts","2012-12-15 19:56:57"
"31163D04F13E08B40C6BF75FD7F32ACD34161F651471A7EF3BBAEB976DF10455","115040256","I:\VIDEOS CIENCIA Y TECNOLOGIA\FORD GT (ZONA MOTOR) .m2ts","I:\\duplicados\VIDEOS CIENCIA Y TECNOLOGIA\FORD GT (ZONA MOTOR) .m2ts","2015-04-19 12:27:01"
"120ABF68F8AB296011D5CA28D37EC1A272CE2C6BC27887FF85F61D84FBE3B00E","4626087936","I:\VIDEOS CIENCIA Y TECNOLOGIA\FORMULA 1 (LAS CONEXIONES DE LA INGENIERIA).m2ts","I:\\duplicados\VIDEOS CIENCIA Y TECNOLOGIA\FORMULA 1 (LAS CONEXIONES DE LA INGENIERIA).m2ts","2012-09-05 19:58:21"
"EB9BAF4871018DB4F8A1E01225985A4EA59371538205980536962D3A03B3E0C7","1488334848","I:\VIDEOS CIENCIA Y TECNOLOGIA\FUTURO EXTREMO (EL MUNDO DEL MAÑANA).m2ts","I:\\duplicados\VIDEOS CIENCIA Y TECNOLOGIA\FUTURO EXTREMO (EL MUNDO DEL MAÑANA).m2ts","2012-12-10 17:18:10"
"5213A245DDF096780B805D63A634E3F729984E8B46FAEF8EB14A4604BF14EE8B","1479174144","I:\VIDEOS CIENCIA Y TECNOLOGIA\GALAXIAS (LA HISTORIA DEL UNIVERSO).m2ts","I:\\duplicados\VIDEOS CIENCIA Y TECNOLOGIA\GALAXIAS (LA HISTORIA DEL UNIVERSO).m2ts","2012-11-23 13:12:32"
"978C84A853DAAFC0D08105BAC225CFB770C021130C0FAE41FBAC6A47A5250146","533354496","I:\VIDEOS CIENCIA Y TECNOLOGIA\GENES CLONES Y GEMELOS (REDES).m2ts","I:\\duplicados\VIDEOS CIENCIA Y TECNOLOGIA\GENES CLONES Y GEMELOS (REDES).m2ts","2013-01-08 13:39:33"
"D15F28D93D66D72A309692AE78FD258D56DDD854DAD8631BD806EB48F34C6877","804114432","I:\VIDEOS CIENCIA Y TECNOLOGIA\GENES EN LUGAR DE FARMACOS (REDES).m2ts","I:\\duplicados\VIDEOS CIENCIA Y TECNOLOGIA\GENES EN LUGAR DE FARMACOS (REDES).m2ts","2012-09-05 09:00:59"
"1B99FB63034CCEB2CD373C32B58B809437B2C08FB0E941A4C30285C50B56D8BA","3126460416","I:\VIDEOS CIENCIA Y TECNOLOGIA\GENETICA Y CONDUCTA (REDES).m2ts","I:\\duplicados\VIDEOS CIENCIA Y TECNOLOGIA\GENETICA Y CONDUCTA (REDES).m2ts","2012-09-06 18:04:50"
"BD46C3D0678DE43D8611A0EC494EA887E75D7F2B9D1D757F42423B691FC4D7A9","1491111936","I:\VIDEOS CIENCIA Y TECNOLOGIA\GERMENES ASESINOS (SCI-TREK).m2ts","I:\\duplicados\VIDEOS CIENCIA Y TECNOLOGIA\GERMENES ASESINOS (SCI-TREK).m2ts","2012-12-15 19:27:15"
"5683A3EB76839A977FA7BAFA00061E67689CEA2621D306B1BC02904159419B0B","181254144","I:\VIDEOS CIENCIA Y TECNOLOGIA\GTA SPANO (CENTIMETROS CUBICOS).m2ts","I:\\duplicados\VIDEOS CIENCIA Y TECNOLOGIA\GTA SPANO (CENTIMETROS CUBICOS).m2ts","2016-05-22 11:25:54"
"6723E45C5343DA38E5C2A31EA05C98A3010C9224DEEB8F8605605D3BFD6364DA","1702901760","I:\VIDEOS CIENCIA Y TECNOLOGIA\GUERRA POR CONTROL REMOTO (DOCUFILIA).m2ts","I:\\duplicados\VIDEOS CIENCIA Y TECNOLOGIA\GUERRA POR CONTROL REMOTO (DOCUFILIA).m2ts","2013-06-18 12:45:41"
"66371799A58680C603B402D6EF32B7E7C954997D28A9327D6C21155EB0865EE5","3012925440","I:\VIDEOS CIENCIA Y TECNOLOGIA\HAY MAS DE TRES DIMENSIONES (SECRETOS DEL UNIVERSO).m2ts","I:\\duplicados\VIDEOS CIENCIA Y TECNOLOGIA\HAY MAS DE TRES DIMENSIONES (SECRETOS DEL UNIVERSO).m2ts","2012-03-06 14:32:35"
"B8C5472454C0080097D25F4FFEE0AE939813F1EA129A289C21CD83B207C47E5B","3112488960","I:\VIDEOS CIENCIA Y TECNOLOGIA\HAY UN CREADOR (SECRETOS DEL UNIVERSO).m2ts","I:\\duplicados\VIDEOS CIENCIA Y TECNOLOGIA\HAY UN CREADOR (SECRETOS DEL UNIVERSO).m2ts","2011-10-01 14:08:03"
"0D9E80ECE082D6641748E55C88CCB7FFDDE499D240A23103C73545772641D0A8","1583824896","I:\VIDEOS CIENCIA Y TECNOLOGIA\HAY VIDA EN MARTE (LA NOCHE TEMATICA.m2ts","I:\\duplicados\VIDEOS CIENCIA Y TECNOLOGIA\HAY VIDA EN MARTE (LA NOCHE TEMATICA.m2ts","2012-12-05 14:57:43"
"45AFEC3026B08EDA6223954DDB95A17E7AE89C9637E7B1CB322ABF4C705D606B","1486460928","I:\VIDEOS CIENCIA Y TECNOLOGIA\HAY VIDA TRAS LA MUERTE (SECRETOS DEL UNIVERSO).m2ts","I:\\duplicados\VIDEOS CIENCIA Y TECNOLOGIA\HAY VIDA TRAS LA MUERTE (SECRETOS DEL UNIVERSO).m2ts","2012-11-03 19:50:13"
"2BCE7DB9F5C2CC7F72745345C2D0D7CA10B6BA40C3E986169856F18DD99A1317","1478885376","I:\VIDEOS CIENCIA Y TECNOLOGIA\HOGARES DEL FUTURO (EL MUNDO DEL MAÑANA).m2ts","I:\\duplicados\VIDEOS CIENCIA Y TECNOLOGIA\HOGARES DEL FUTURO (EL MUNDO DEL MAÑANA).m2ts","2013-02-25 17:50:38"
"576C28AA1C815C9CEB399629D0B09FB8D7EEAC2C4464B4EF535C3D85D5DC769F","1504917504","I:\VIDEOS CIENCIA Y TECNOLOGIA\HOMBRES FUERA DE LO COMUN (GRANDES MISIONES DE LA NASA).m2ts","I:\\duplicados\VIDEOS CIENCIA Y TECNOLOGIA\HOMBRES FUERA DE LO COMUN (GRANDES MISIONES DE LA NASA).m2ts","2013-02-25 17:45:00"
"ABEAD19BE3E5F374A927ABA44A303BA2742914A950E6F3A20AD15D735DD9EC77","2056667136","I:\VIDEOS CIENCIA Y TECNOLOGIA\HOMO TECHNOLOGICUS.m2ts","I:\\duplicados\VIDEOS CIENCIA Y TECNOLOGIA\HOMO TECHNOLOGICUS.m2ts","2013-05-13 09:24:23"
"0E24170200AD47B56F9DE15F1AB4CC1875C210E4DFB0697448E249E580313B01","90617856","I:\VIDEOS CIENCIA Y TECNOLOGIA\HONDA NSX.m2ts","I:\\duplicados\VIDEOS CIENCIA Y TECNOLOGIA\HONDA NSX.m2ts","2013-02-02 14:09:25"
"253D20C8316461623B2F5C654744416898853E1E630C2CAA486A219CE9047230","4284284928","I:\VIDEOS CIENCIA Y TECNOLOGIA\HUMANOS DE DISEÑO (EL FUTURO POR STEPHEN HAWKING).m2ts","I:\\duplicados\VIDEOS CIENCIA Y TECNOLOGIA\HUMANOS DE DISEÑO (EL FUTURO POR STEPHEN HAWKING).m2ts","2014-05-07 08:36:41"
"1F808AE445D0117B3C46D3C4B21FE5A3A21EC1F1C38EA67A6ED2FDDCBD875680","1946240380","I:\VIDEOS CIENCIA Y TECNOLOGIA\HYPER CONEXIONES (EL FUTURO POR STEPHEN HAWKING).mp4","I:\\duplicados\VIDEOS CIENCIA Y TECNOLOGIA\HYPER CONEXIONES (EL FUTURO POR STEPHEN HAWKING).mp4","2014-05-14 15:28:26"
"D73F4CBCE5C5C3BE5F9E811658B39E51AC47E0F260B6C312C985EE45888D9A7C","1405003776","I:\VIDEOS CIENCIA Y TECNOLOGIA\IMPACTO COSMICO (CATASTROFE).m2ts","I:\\duplicados\VIDEOS CIENCIA Y TECNOLOGIA\IMPACTO COSMICO (CATASTROFE).m2ts","2013-12-03 08:45:02"
"A0A644AD58B5082F61011D452FB4C6492BEBEDC7EC4A43F885395AE99845B4CF","1523220480","I:\VIDEOS CIENCIA Y TECNOLOGIA\IMPACTO FINAL (CAPITULO 1) (DOCUFILIA) (FEMTOSEGUNDO).m2ts","I:\\duplicados\VIDEOS CIENCIA Y TECNOLOGIA\IMPACTO FINAL (CAPITULO 1) (DOCUFILIA) (FEMTOSEGUNDO).m2ts","2013-04-15 21:10:03"
"72083CC76BAB4EEDB13AF992844CF95BC6B424028569580766F8A6C6C0E74CAB","1436805120","I:\VIDEOS CIENCIA Y TECNOLOGIA\IMPACTO FINAL (CAPITULO 2) (DOCUFILIA) (C. ESTROBOSCOPICAS).m2ts","I:\\duplicados\VIDEOS CIENCIA Y TECNOLOGIA\IMPACTO FINAL (CAPITULO 2) (DOCUFILIA) (C. ESTROBOSCOPICAS).m2ts","2013-04-17 09:11:07"
"1EDECB59328E9891E17FEAA7D43AB4583096A9C09F5F76A34F3888A553808F8D","3362641920","I:\VIDEOS CIENCIA Y TECNOLOGIA\INDEPENDEN OF THE SEAS (GRANDE MAS GRANDE).m2ts","I:\\duplicados\VIDEOS CIENCIA Y TECNOLOGIA\INDEPENDEN OF THE SEAS (GRANDE MAS GRANDE).m2ts","2012-04-10 10:35:12"
"DE6C419C75927D7271A54B3DA088AD37C31F779D18BE62AFE363FC221DF1C4C1","135180288","I:\VIDEOS CIENCIA Y TECNOLOGIA\INFINITI Q30 (CENTIMETROS CUBICOS).m2ts","I:\\duplicados\VIDEOS CIENCIA Y TECNOLOGIA\INFINITI Q30 (CENTIMETROS CUBICOS).m2ts","2016-05-22 11:24:58"
"E5C23630D70A5CD7B47847A8615C7FE5A369FC124809ED9303A44DA39EF54238","1623343104","I:\VIDEOS CIENCIA Y TECNOLOGIA\INMORTAL (TELOMEROS) (LA NOCHE TEMATICA TV 2).m2ts","I:\\duplicados\VIDEOS CIENCIA Y TECNOLOGIA\INMORTAL (TELOMEROS) (LA NOCHE TEMATICA TV 2).m2ts","2011-11-13 12:18:45"
"CD7CAEAB1A88B7416BCDC00EE9E18C0E46128AF6FE1289B17DB82F50B95E98E8","4576407552","I:\VIDEOS CIENCIA Y TECNOLOGIA\INSPIRADO POR LA NATURALEZA (EL FUTURO POR STEPHEN HAWKING).m2ts","I:\\duplicados\VIDEOS CIENCIA Y TECNOLOGIA\INSPIRADO POR LA NATURALEZA (EL FUTURO POR STEPHEN HAWKING).m2ts","2014-04-27 20:27:17"
"3EC6286708B9ADAEC0D9F36D9F4DB1A155BBD87AC969E37F64551C826C2B24C4","1098842112","I:\VIDEOS CIENCIA Y TECNOLOGIA\INSTITUTO ASTROFISICO DE CANARIAS (REDES) (2004).m2ts","I:\\duplicados\VIDEOS CIENCIA Y TECNOLOGIA\INSTITUTO ASTROFISICO DE CANARIAS (REDES) (2004).m2ts","2012-12-19 20:04:27"
"18529ED60A574248A62C096C41A67D872F8612CF5B1016D52697C98110216266","837691392","I:\VIDEOS CIENCIA Y TECNOLOGIA\INTELIGENCIA ARTIFICIAL (REDES).m2ts","I:\\duplicados\VIDEOS CIENCIA Y TECNOLOGIA\INTELIGENCIA ARTIFICIAL (REDES).m2ts","2008-12-11 22:25:36"
"29B1599C76CB787CCCFE1B2D87289F56E3C384DC7B399EB2512E726877C7FF56","1482270720","I:\VIDEOS CIENCIA Y TECNOLOGIA\INTELIGENCIA FUTURA (EL MUNDO DEL MAÑANA).m2ts","I:\\duplicados\VIDEOS CIENCIA Y TECNOLOGIA\INTELIGENCIA FUTURA (EL MUNDO DEL MAÑANA).m2ts","2012-12-28 14:36:19"
"38E4C55D0EB5C1CC985AFA226F5A1C3BCDB82D096B9EDC713BD7C563BDC068CF","1390399488","I:\VIDEOS CIENCIA Y TECNOLOGIA\JUPITER (GUIA PARA EL VIAJERO INTERPLANETARIO).m2ts","I:\\duplicados\VIDEOS CIENCIA Y TECNOLOGIA\JUPITER (GUIA PARA EL VIAJERO INTERPLANETARIO).m2ts","2013-07-05 17:51:15"
"FBD55D469E34BBD4F386889B68E1A8939299AD0787EA6ED12E633BA8B31486AA","1409034240","I:\VIDEOS CIENCIA Y TECNOLOGIA\JUPITER DESTRUCTOR O CREADOR  (historias del universo).m2ts","I:\\duplicados\VIDEOS CIENCIA Y TECNOLOGIA\JUPITER DESTRUCTOR O CREADOR  (historias del universo).m2ts","2014-12-08 15:17:47"
"F78C7F54306C839292D8A90B460DB8DD9EB3F5D95666F26F20829830CBC514E4","1543268352","I:\VIDEOS CIENCIA Y TECNOLOGIA\LA ALIMENTACION DEL FUTURO (DOCUMENTOS TV).m2ts","I:\\duplicados\VIDEOS CIENCIA Y TECNOLOGIA\LA ALIMENTACION DEL FUTURO (DOCUMENTOS TV).m2ts","2014-09-16 16:43:00"
"4726F2B685324B679D448DA80517DCDD2B0D9485EDF0184BA2BF7CCE63620F92","1678166016","I:\VIDEOS CIENCIA Y TECNOLOGIA\LA AMENAZA DE LOS METEOROS.m2ts","I:\\duplicados\VIDEOS CIENCIA Y TECNOLOGIA\LA AMENAZA DE LOS METEOROS.m2ts","2014-07-12 10:09:20"
"A04D228189556C95BB927B7EC28D947077E7817D3ADBD0EDBA136FCE5C54E48F","1762590720","I:\VIDEOS CIENCIA Y TECNOLOGIA\LA ATMOSFERA (PLANETA TIERRA).m2ts","I:\\duplicados\VIDEOS CIENCIA Y TECNOLOGIA\LA ATMOSFERA (PLANETA TIERRA).m2ts","2012-08-22 14:59:16"
"FC069382AA64611884CB7031582F7BFFBE4CC6D6ED7E7CA9810849DA0A34A622","1428559872","I:\VIDEOS CIENCIA Y TECNOLOGIA\LA BOLA DE NIEVE (CATASTROFE).m2ts","I:\\duplicados\VIDEOS CIENCIA Y TECNOLOGIA\LA BOLA DE NIEVE (CATASTROFE).m2ts","2013-11-27 09:01:50"
"B5D9474532B775FDF631F8FF32143683F4C2232162688A52F8FAE02DD2FEA502","1411098624","I:\VIDEOS CIENCIA Y TECNOLOGIA\LA BUSQUEDA DE UNA SEGUNDA TIERRA (LA HISTORIA DEL UNIVERSO).m2ts","I:\\duplicados\VIDEOS CIENCIA Y TECNOLOGIA\LA BUSQUEDA DE UNA SEGUNDA TIERRA (LA HISTORIA DEL UNIVERSO).m2ts","2015-01-14 09:30:43"
"C4681A15E3F01BDC6E83EBA1D9BDFC92611D787C3DC5E43D090FB4841541ED4D","1475997696","I:\VIDEOS CIENCIA Y TECNOLOGIA\LA BUSQUEDA DE VIDA INTELIGENTE.m2ts","I:\\duplicados\VIDEOS CIENCIA Y TECNOLOGIA\LA BUSQUEDA DE VIDA INTELIGENTE.m2ts","2013-06-21 07:23:42"
"6ECA64B04310EBC93A2FCDB1C2B1E99AD7A01B91DAB6A2D958D08E31858F1E0E","1585379328","I:\VIDEOS CIENCIA Y TECNOLOGIA\LA CIENCIA DEL FRIO (LA NOCHE TEMATICA TV 2).m2ts","I:\\duplicados\VIDEOS CIENCIA Y TECNOLOGIA\LA CIENCIA DEL FRIO (LA NOCHE TEMATICA TV 2).m2ts","2011-11-13 12:15:38"
"5B88B6ED6EDA5386271DF9DDFAED0D7082F636E506B91DC88F75C6762FA5D48A","5022547968","I:\VIDEOS CIENCIA Y TECNOLOGIA\LA CIUDAD PERFECTA (EL UNIVESO POR STEPHEN HAWKING).m2ts","I:\\duplicados\VIDEOS CIENCIA Y TECNOLOGIA\LA CIUDAD PERFECTA (EL UNIVESO POR STEPHEN HAWKING).m2ts","2014-04-29 18:15:35"
"A8F3B3516D1E2717BADE3C57E6FE6F8BB68F7D5C4873D567086E9B20BF248C6B","1885206528","I:\VIDEOS CIENCIA Y TECNOLOGIA\LA CONCIENCIA Y EL ALMA (REDES).m2ts","I:\\duplicados\VIDEOS CIENCIA Y TECNOLOGIA\LA CONCIENCIA Y EL ALMA (REDES).m2ts","2013-01-20 14:40:57"
"5E95C35E510582B19288E36BCE1B697FC8B4970F89760FC94C17C912C6988C67","4450418688","I:\VIDEOS CIENCIA Y TECNOLOGIA\LA EDAD DEL ENVEJECIMIENTO (BREAKTHROUGH).m2ts","I:\\duplicados\VIDEOS CIENCIA Y TECNOLOGIA\LA EDAD DEL ENVEJECIMIENTO (BREAKTHROUGH).m2ts","2016-05-18 10:19:02"
"5639113D3C4F3817BE747CA843AA54015C4A261E8D97D71C6BE02D03FC55F50E","1553780736","I:\VIDEOS CIENCIA Y TECNOLOGIA\LA ENERGIA (CANAL HISTORIA).m2ts","I:\\duplicados\VIDEOS CIENCIA Y TECNOLOGIA\LA ENERGIA (CANAL HISTORIA).m2ts","2012-02-28 15:15:16"
"8E493B4E6AA8BB6DD1C0B22953C39D69286CFA30A231CBE890C547F6B04F2D1E","1542248448","I:\VIDEOS CIENCIA Y TECNOLOGIA\LA ESCALA DEL COSMOS (EL UNIVERSO T.7).m2ts","I:\\duplicados\VIDEOS CIENCIA Y TECNOLOGIA\LA ESCALA DEL COSMOS (EL UNIVERSO T.7).m2ts","2013-04-02 15:31:46"
"F75121640042BA45E14C09225274FE49CCE31A077E834815E327EF88CB8A318D","4516872192","I:\VIDEOS CIENCIA Y TECNOLOGIA\LA ESTACION ESPACIAL (GRANDE MAS GRANDE EL MAS GRANDE).m2ts","I:\\duplicados\VIDEOS CIENCIA Y TECNOLOGIA\LA ESTACION ESPACIAL (GRANDE MAS GRANDE EL MAS GRANDE).m2ts","2013-04-01 20:48:22"
"5B5EE61CDFC4D283DD0CAE789E8AD770523374DF4E032914CD847C2B3E116112","1836994560","I:\VIDEOS CIENCIA Y TECNOLOGIA\LA EVOLUCION.m2ts","I:\\duplicados\VIDEOS CIENCIA Y TECNOLOGIA\LA EVOLUCION.m2ts","2013-01-21 17:54:08"
"08E10C5B7FC6DCB31E2AE63788D89808F64C1CE627325858904A9AF478ABCA79","4613357568","I:\VIDEOS CIENCIA Y TECNOLOGIA\LA FORMACION DE LA TIERRA (N.GEOGRAPHIC).m2ts","I:\\duplicados\VIDEOS CIENCIA Y TECNOLOGIA\LA FORMACION DE LA TIERRA (N.GEOGRAPHIC).m2ts","2014-07-21 18:36:36"
"FCE83DD7A04F513F7B6C3E90E371BC9FBF2CBA52A068BDAC59342E7E310664BA","1247772672","I:\VIDEOS CIENCIA Y TECNOLOGIA\LA FORMULA DEFINITIVA (TV 2).m2ts","I:\\duplicados\VIDEOS CIENCIA Y TECNOLOGIA\LA FORMULA DEFINITIVA (TV 2).m2ts","2016-03-30 14:04:04"
"B76783E5DF22E2862D7C1580A33EB571FC1512981EBEF774E3FC004F6B93D051","1840367616","I:\VIDEOS CIENCIA Y TECNOLOGIA\LA HISTORIA DEL COMETA (TV2).m2ts","I:\\duplicados\VIDEOS CIENCIA Y TECNOLOGIA\LA HISTORIA DEL COMETA (TV2).m2ts","2014-05-02 15:35:06"
"1DEBEF27E002B90C33FF67C98C68CA66CE1BE96119EBFEA7C6D61B2F7A4236F6","4416208896","I:\VIDEOS CIENCIA Y TECNOLOGIA\LA LANZADERA ESPACIAL (LAS NONEXIONES DE LA INGENIERIA).m2ts","I:\\duplicados\VIDEOS CIENCIA Y TECNOLOGIA\LA LANZADERA ESPACIAL (LAS NONEXIONES DE LA INGENIERIA).m2ts","2013-04-02 08:07:05"
"02490BCA1105A75A26ADB2174A235C7B88A6AC8891C683AEBD9C33EEFC4C4053","2152445952","I:\VIDEOS CIENCIA Y TECNOLOGIA\LA MAQUINA DEL TIEMPO (TV2).m2ts","I:\\duplicados\VIDEOS CIENCIA Y TECNOLOGIA\LA MAQUINA DEL TIEMPO (TV2).m2ts","2014-05-03 12:53:29"
"668952C8889456F939B125A51DC519818A0A9700180982956A303265FBA0C554","226326528","I:\VIDEOS CIENCIA Y TECNOLOGIA\LA MELATONINA.m2ts","I:\\duplicados\VIDEOS CIENCIA Y TECNOLOGIA\LA MELATONINA.m2ts","2014-06-09 14:26:08"
"773D11C9A0C38EADF9E48F542A42C1D9072A8D359D8D7863BD5E459A43D7D189","1633867776","I:\VIDEOS CIENCIA Y TECNOLOGIA\LA MEMORIA (EL CEREBRO).m2ts","I:\\duplicados\VIDEOS CIENCIA Y TECNOLOGIA\LA MEMORIA (EL CEREBRO).m2ts","2013-01-20 13:47:04"
"439CFD32E21265C5786CB1823B9E072BD507215E39F9B11695A995AC8F8898DE","1027424256","I:\VIDEOS CIENCIA Y TECNOLOGIA\LA MUERTE DEL SOL (CIENCIA AL DESNUDO).m2ts","I:\\duplicados\VIDEOS CIENCIA Y TECNOLOGIA\LA MUERTE DEL SOL (CIENCIA AL DESNUDO).m2ts","2012-09-15 13:04:03"
"D03EE5D7FD734411250C9417B6BAD0A685923E7D07CA69BD7510C9EE8A4B4B78","1939464192","I:\VIDEOS CIENCIA Y TECNOLOGIA\LA PLASTICIDAD DEL CEREBRO (LA NOCHE TEMATICA TV 2).m2ts","I:\\duplicados\VIDEOS CIENCIA Y TECNOLOGIA\LA PLASTICIDAD DEL CEREBRO (LA NOCHE TEMATICA TV 2).m2ts","2011-09-22 10:38:32"
"1CAA95AA4D8C08A96BC4D579869FF44AF97D11ACE49C716A6854749AB60C5A85","4513505280","I:\VIDEOS CIENCIA Y TECNOLOGIA\LA PRESA (GRANDE MAS GRANDE EL MAS GRANDE).m2ts","I:\\duplicados\VIDEOS CIENCIA Y TECNOLOGIA\LA PRESA (GRANDE MAS GRANDE EL MAS GRANDE).m2ts","2013-04-01 20:57:00"
"EF8B997170A00A223A21C1E86A8E29D411B1FD5A91F8F80B66AC6C2DE2B01261","529625088","I:\VIDEOS CIENCIA Y TECNOLOGIA\LA REPRODUCCION SIN SEXO (REDES).m2ts","I:\\duplicados\VIDEOS CIENCIA Y TECNOLOGIA\LA REPRODUCCION SIN SEXO (REDES).m2ts","2013-04-10 12:59:08"
"681171A9A2CDC7B6F6939D065482DF218DC6DD2B7509A6F6C1AA5DF734BA61C9","1774940160","I:\VIDEOS CIENCIA Y TECNOLOGIA\LA REVOLUCION CUANTICA (CANAL ODISEA).m2ts","I:\\duplicados\VIDEOS CIENCIA Y TECNOLOGIA\LA REVOLUCION CUANTICA (CANAL ODISEA).m2ts","2012-08-18 14:50:44"
"FEBD7DA190E0B5A251D54DAA16684ED00770E47A856CAB1734EB6CB11B3F6D7F","1491910656","I:\VIDEOS CIENCIA Y TECNOLOGIA\LA REVOLUCION DE LOS ROBOTS (BIENVENIDO AL FUTURO).m2ts","I:\\duplicados\VIDEOS CIENCIA Y TECNOLOGIA\LA REVOLUCION DE LOS ROBOTS (BIENVENIDO AL FUTURO).m2ts","2014-01-24 09:20:48"
"2F71A807AF476E105CE7572B60ECDEBBE64EA66A3C8438F85751C011D7316F2F","1441824768","I:\VIDEOS CIENCIA Y TECNOLOGIA\LA SALUD (DESCUBRIENDO EL MAÑANA CON STEPHEN HAWKING).m2ts","I:\\duplicados\VIDEOS CIENCIA Y TECNOLOGIA\LA SALUD (DESCUBRIENDO EL MAÑANA CON STEPHEN HAWKING).m2ts","2014-01-29 09:30:41"
"407B029503EBC27B0CF68D99BCBA3A0F2EBFD0F56C01D52603022252105947C7","1815945216","I:\VIDEOS CIENCIA Y TECNOLOGIA\LA TIEERA PIERDE EL NORTE (ODISEA).m2ts","I:\\duplicados\VIDEOS CIENCIA Y TECNOLOGIA\LA TIEERA PIERDE EL NORTE (ODISEA).m2ts","2013-03-07 09:53:10"
"069DC08FC16F8ED89B60B9D65F3DFB64178A97A3BF53DB0E1503A3D4CB8F7060","1759973376","I:\VIDEOS CIENCIA Y TECNOLOGIA\LA TIERRA UNA BOLA DE NIEVE (PLANETA CIENCIA ).m2ts","I:\\duplicados\VIDEOS CIENCIA Y TECNOLOGIA\LA TIERRA UNA BOLA DE NIEVE (PLANETA CIENCIA ).m2ts","2012-08-23 18:28:47"
